{"stats":{"minecraft:crafted":{"minecraft:wooden_sword":1,"minecraft:furnace":1,"travelersbackpack:bat":2,"travelersbackpack:blank_upgrade":4,"minecraft:glass_pane":16,"securitycraft:laser_block":1,"minecraft:glass":31,"travelersbackpack:white_sleeping_bag":1,"moonsweaponry:stone_greatsword":1,"minecraft:stone_pickaxe":4,"minecraft:birch_door":3,"minecraft:redstone_block":1,"moonsweaponry:wooden_greatsword":2,"minecraft:cooked_beef":16,"travelersbackpack:iron_tier_upgrade":2,"minecraft:crafting_table":4,"travelersbackpack:backpack_tank":4,"minecraft:wooden_pickaxe":2,"travelersbackpack:standard":2,"minecraft:smithing_table":1,"moonsweaponry:iron_greatsword":1,"minecraft:birch_planks":108,"minecraft:book":1,"minecraft:stick":72,"minecraft:iron_ingot":48,"minecraft:iron_pickaxe":1,"minecraft:wooden_axe":2,"minecraft:gold_ingot":1,"minecraft:white_bed":2,"minecraft:torch":40,"securitycraft:sc_manual":1,"securitycraft:universal_block_reinforcer_lvl1":1},"minecraft:dropped":{"minecraft:bread":7,"minecraft:birch_planks":1,"minecraft:leather":1,"travelersbackpack:standard":1,"minecraft:stick":45,"minecraft:diorite":10,"minecraft:torch":32,"minecraft:rose_bush":3,"minecraft:writable_book":3,"minecraft:sand":24,"minecraft:string":2,"minecraft:pink_petals":4,"minecraft:birch_log":75,"minecraft:sweet_berries":1,"alexsmobs:maggot":1,"minecraft:sugar_cane":4,"minecraft:birch_sapling":2,"minecraft:rotten_flesh":6,"travelersbackpack:bat":1,"evilcraft:flesh_humanoid":1,"travelersbackpack:gold_tier_upgrade":1,"minecraft:leather_chestplate":1,"minecraft:shield":1,"minecraft:gunpowder":2,"minecraft:peony":1,"moonsweaponry:wooden_greatsword":1,"minecraft:stone_pickaxe":3,"moonsweaponry:stone_greatsword":4},"minecraft:mined":{"minecraft:tuff":270,"minecraft:deepslate_diamond_ore":2,"alexscaves:limestone":71,"minecraft:grass_block":16,"minecraft:spruce_fence":1,"minecraft:jungle_log":1,"minecraft:sandstone":37,"minecraft:sandstone_stairs":7,"minecraft:large_fern":1,"minecraft:hay_block":13,"minecraft:furnace":2,"minecraft:cobbled_deepslate":21,"minecraft:iron_ore":17,"minecraft:fire":2,"minecraft:barrel":14,"evilcraft:dark_ore":1,"minecraft:azure_bluet":1,"minecraft:peony":1,"minecraft:pointed_dripstone":5,"minecraft:deepslate_iron_ore":50,"minecraft:vine":1,"minecraft:rail":6,"minecraft:iron_bars":2,"minecraft:lantern":5,"minecraft:stone":58,"minecraft:white_wool":15,"minecraft:smithing_table":1,"minecraft:deepslate_redstone_ore":5,"alexscaves:amber":15,"minecraft:red_bed":1,"minecraft:lily_of_the_valley":1,"minecraft:smoker":2,"minecraft:dandelion":1,"minecraft:crafting_table":2,"minecraft:torch":2,"minecraft:chest":3,"minecraft:rose_bush":4,"minecraft:campfire":1,"minecraft:cobblestone":32,"minecraft:white_candle":1,"minecraft:sugar_cane":1,"minecraft:diorite":5,"minecraft:wall_torch":3,"minecraft:pink_petals":33,"minecraft:beehive":1,"evilcraft:dark_ore_deepslate":1,"minecraft:birch_log":123,"minecraft:sweet_berry_bush":1,"minecraft:yellow_bed":2,"minecraft:grass":11,"minecraft:coal_ore":50,"evilcraft:blood_stain":1,"minecraft:sand":88,"minecraft:dirt":7,"minecraft:cobweb":11,"minecraft:oak_leaves":3,"minecraft:deepslate":18},"minecraft:picked_up":{"minecraft:wooden_axe":1,"minecraft:charcoal":2,"minecraft:crafting_table":2,"travelersbackpack:bat":1,"minecraft:smithing_table":1,"minecraft:string":15,"minecraft:red_bed":4,"minecraft:cobbled_deepslate":36,"minecraft:beef":5,"alexsmobs:elastic_tendon":2,"minecraft:rose_bush":3,"minecraft:iron_pickaxe":1,"minecraft:sugar_cane":4,"minecraft:chest":3,"minecraft:birch_sapling":27,"minecraft:furnace":2,"minecraft:beehive":1,"minecraft:stick":102,"minecraft:sandstone":40,"minecraft:torch":13,"minecraft:spruce_fence":1,"minecraft:cherry_log":30,"minecraft:pointed_dripstone":15,"minecraft:diorite":10,"moonsweaponry:stone_greatsword":3,"alexsmobs:crocodile_scute":2,"minecraft:jungle_sign":1,"minecraft:arrow":7,"minecraft:rotten_flesh":7,"minecraft:peony":1,"minecraft:hay_block":13,"minecraft:sandstone_stairs":7,"minecraft:mutton":1,"minecraft:iron_bars":10,"minecraft:rail":7,"minecraft:white_wool":12,"minecraft:cobblestone":102,"minecraft:birch_log":132,"minecraft:pink_petals":87,"minecraft:jungle_log":1,"minecraft:leather":4,"minecraft:smoker":2,"minecraft:birch_planks":1,"minecraft:tuff":3,"evilcraft:flesh_humanoid":1,"minecraft:yellow_bed":1,"minecraft:gunpowder":3,"travelersbackpack:gold_tier_upgrade":1,"minecraft:dirt":26,"minecraft:lantern":5,"alexscaves:amber":13,"minecraft:bone":8,"minecraft:stone_pickaxe":1,"minecraft:sweet_berries":1,"alexsmobs:crocodile_egg":1,"minecraft:dandelion":1,"minecraft:sand":95,"minecraft:white_bed":4,"minecraft:lily_of_the_valley":1,"minecraft:barrel":13,"minecraft:white_candle":4,"minecraft:writable_book":4,"evilcraft:dark_gem":5,"minecraft:cherry_sapling":21,"alexsmobs:maggot":1,"minecraft:coal":30},"minecraft:broken":{"moonsweaponry:wooden_greatsword":1,"minecraft:wooden_pickaxe":2,"minecraft:stone_pickaxe":2,"minecraft:iron_pickaxe":1,"minecraft:wooden_axe":2},"minecraft:killed":{"minecraft:cave_spider":1,"minecraft:spider":1,"minecraft:skeleton":7,"minecraft:creeper":3,"minecraft:zombie":13,"alexsmobs:crocodile":1,"alexsmobs:fly":1,"minecraft:cow":2},"minecraft:used":{"travelersbackpack:bat":4,"minecraft:torch":16,"minecraft:dirt":26,"minecraft:mutton":1,"minecraft:tuff":5,"minecraft:birch_door":2,"minecraft:wooden_axe":166,"minecraft:lantern":3,"moonsweaponry:iron_greatsword":26,"minecraft:beef":5,"minecraft:bow":5,"minecraft:furnace":3,"minecraft:cooked_beef":16,"minecraft:birch_planks":1,"minecraft:stone_pickaxe":263,"minecraft:wooden_pickaxe":118,"anthropology_items__structures:hunters_machete":24,"minecraft:red_bed":4,"minecraft:crafting_table":6,"minecraft:white_bed":6,"moonsweaponry:wooden_greatsword":117,"minecraft:iron_pickaxe":315,"minecraft:diamond_sword":40,"minecraft:wooden_sword":7,"minecraft:cobblestone":34,"minecraft:smithing_table":2,"minecraft:glass_pane":12,"minecraft:yellow_bed":1},"minecraft:killed_by":{"minecraft:player":1,"minecraft:spider":1,"minecraft:skeleton":3,"minecraft:zombie":1},"minecraft:custom":{"minecraft:interact_with_smithing_table":9,"minecraft:mob_kills":29,"minecraft:interact_with_crafting_table":53,"minecraft:open_barrel":12,"minecraft:leave_game":4,"minecraft:time_since_death":14379,"minecraft:climb_one_cm":13107,"minecraft:sprint_one_cm":286779,"minecraft:walk_one_cm":350450,"minecraft:drop":49,"minecraft:play_time":167487,"minecraft:sneak_time":749,"minecraft:deaths":10,"minecraft:walk_under_water_one_cm":14686,"minecraft:jump":1384,"minecraft:walk_on_water_one_cm":27257,"minecraft:total_world_time":167487,"minecraft:interact_with_furnace":36,"minecraft:sleep_in_bed":8,"minecraft:time_since_rest":14418,"minecraft:damage_taken":4035,"minecraft:damage_dealt":5234,"minecraft:player_kills":2,"minecraft:swim_one_cm":3970,"minecraft:fly_one_cm":157876,"minecraft:open_chest":50,"minecraft:crouch_one_cm":2398,"minecraft:fall_one_cm":45568}},"DataVersion":3465}