{"stats":{"minecraft:killed_by":{"minecraft:ghast":1,"doppelgangermod:dp_creeper":5,"minecraft:piglin_brute":8,"minecraft:creeper":1,"minecraft:drowned":1,"doppelgangermod:dpchicken":7,"minecraft:zombie":2,"alexscaves:grottoceratops":1,"alexsmobs:skelewag":1,"alexscaves:tremorsaurus":5,"minecraft:player":8,"minecraft:spider":2,"minecraft:enderman":1,"minecraft:skeleton":3,"alexscaves:relicheirus":1},"minecraft:picked_up":{"minecraft:wooden_axe":1,"minecraft:birch_door":2,"alexscaves:tough_hide":4,"travelersbackpack:bat":1,"minecraft:prismarine_shard":3,"minecraft:smithing_table":1,"alexscaves:trilocaris_tail":5,"minecraft:gilded_blackstone":21,"minecraft:nether_brick":36,"minecraft:stone_brick_stairs":1,"minecraft:string":21,"minecraft:raw_copper":44,"minecraft:shroomlight":2,"minecraft:gold_nugget":37,"minecraft:cobbled_deepslate":80,"bosses_of_mass_destruction:soul_star":1,"moonsweaponry:iron_greatsword":1,"minecraft:light_weighted_pressure_plate":6,"minecraft:rose_bush":3,"minecraft:iron_pickaxe":1,"alexscaves:flytrap":4,"minecraft:iron_boots":3,"minecraft:furnace":2,"minecraft:golden_helmet":1,"minecraft:beehive":1,"minecraft:stick":125,"minecraft:torch":14,"alexscaves:heavy_bone":1,"minecraft:porkchop":9,"minecraft:cherry_log":30,"minecraft:pointed_dripstone":17,"minecraft:diorite":10,"evilcraft:box_of_eternal_closure":1,"minecraft:cactus":14,"minecraft:rotten_flesh":35,"minecraft:glowstone":6,"minecraft:white_terracotta":1,"alexscaves:primitive_club":1,"supplementaries:ash":14,"minecraft:obsidian":21,"minecraft:iron_bars":13,"minecraft:snowball":7,"minecraft:cobblestone":219,"minecraft:birch_log":298,"fantasyfurniture:royal/chandelier":2,"minecraft:pink_petals":354,"minecraft:feather":4,"minecraft:cooked_beef":7,"minecraft:birch_slab":36,"minecraft:jungle_log":5,"minecraft:smoker":2,"minecraft:flint":1,"minecraft:tuff":84,"anthropology_items__structures:hunters_machete":1,"evilcraft:flesh_humanoid":8,"minecraft:lapis_lazuli":9,"minecraft:wither_skeleton_skull":1,"travelersbackpack:gold_tier_upgrade":1,"minecraft:map":4,"minecraft:cherry_door":6,"minecraft:dirt":760,"minecraft:lantern":5,"minecraft:name_tag":1,"minecraft:bone":25,"minecraft:bow":1,"minecraft:wheat_seeds":64,"minecraft:glowstone_dust":48,"minecraft:chiseled_polished_blackstone":14,"minecraft:warped_wart_block":62,"alexsmobs:crocodile_egg":1,"minecraft:polished_blackstone_slab":1,"minecraft:sand":3165,"minecraft:lily_of_the_valley":1,"minecraft:chiseled_sandstone":2,"minecraft:barrel":14,"minecraft:white_candle":8,"alexsmobs:guster_eye":1,"minecraft:snout_armor_trim_smithing_template":1,"minecraft:diamond":7,"minecraft:writable_book":4,"minecraft:cracked_polished_blackstone_bricks":1,"minecraft:granite":2,"alexsmobs:tarantula_hawk_wing_fragment":1,"minecraft:bone_meal":64,"minecraft:golden_apple":7,"alexsmobs:maggot":3,"minecraft:oak_sapling":4,"minecraft:netherrack":13,"minecraft:dark_oak_fence":1,"supplementaries:gold_door":1,"minecraft:diamond_pickaxe":1,"minecraft:charcoal":2,"minecraft:crafting_table":3,"minecraft:sandstone_slab":9,"minecraft:chicken":1,"minecraft:clay_ball":123,"minecraft:gold_block":57,"minecraft:shield":1,"minecraft:cornflower":2,"minecraft:red_bed":4,"evilcraft:poison_sac":1,"alexscaves:dinosaur_chop":7,"minecraft:blackstone":33,"moonsweaponry:diamond_greatsword":1,"minecraft:dark_prismarine_stairs":1,"minecraft:beef":23,"alexscaves:pewen_boat":1,"alexsmobs:elastic_tendon":2,"minecraft:iron_nugget":21,"minecraft:spruce_slab":2,"minecraft:sugar_cane":93,"minecraft:chest":4,"minecraft:birch_sapling":46,"minecraft:raw_iron":131,"minecraft:sandstone":476,"securitycraft:reinforced_cobblestone":11,"alexscaves:cycad":3,"minecraft:spruce_fence":1,"minecraft:fire_charge":2,"minecraft:polished_blackstone_bricks":5,"minecraft:carrot":1,"minecraft:redstone":9,"moonsweaponry:stone_greatsword":3,"alexsmobs:crocodile_scute":3,"minecraft:jungle_sign":1,"minecraft:tnt":66,"minecraft:arrow":22,"minecraft:decorated_pot":4,"minecraft:peony":1,"minecraft:shears":1,"minecraft:hay_block":13,"minecraft:sandstone_stairs":62,"minecraft:gold_ingot":11,"minecraft:mutton":2,"minecraft:rail":7,"minecraft:white_wool":15,"alexscaves:pewen_log":4,"minecraft:golden_carrot":16,"minecraft:crimson_stem":2,"minecraft:leather":33,"minecraft:fern":3,"minecraft:birch_planks":78,"minecraft:ancient_debris":1,"minecraft:golden_boots":1,"minecraft:yellow_bed":1,"minecraft:nether_wart_block":11,"minecraft:gunpowder":4,"alexscaves:pewen_planks":4,"minecraft:paper":3,"minecraft:white_banner":9,"alexscaves:amber":14,"minecraft:warped_stem":23,"minecraft:iron_ingot":4,"minecraft:stone_pickaxe":1,"alexscaves:curly_fern":5,"minecraft:soul_sand":11,"minecraft:book":42,"minecraft:warped_fungus":19,"minecraft:emerald_block":12,"minecraft:sweet_berries":6,"minecraft:stone_brick_slab":1,"minecraft:red_wool":1,"minecraft:quartz":46,"minecraft:dandelion":11,"minecraft:dripstone_block":3,"minecraft:gravel":37,"alexscaves:tree_star":2,"minecraft:blast_furnace":1,"minecraft:white_bed":9,"minecraft:crying_obsidian":6,"minecraft:spider_eye":1,"minecraft:polished_diorite_stairs":3,"minecraft:pumpkin_seeds":2,"evilcraft:dark_gem":5,"minecraft:cherry_sapling":67,"minecraft:warped_roots":1,"minecraft:dark_oak_wood":9,"minecraft:coal":100,"minecraft:ender_pearl":2},"minecraft:used":{"moonsweaponry:diamond_greatsword":43,"minecraft:iron_shovel":536,"minecraft:chest":6,"supplementaries:gold_door":3,"minecraft:mutton":1,"securitycraft:keypad_item":1,"fantasyfurniture:royal/oven":1,"minecraft:tuff":113,"minecraft:obsidian":12,"minecraft:glass":12,"moonsweaponry:golden_greatsword":720,"minecraft:birch_sapling":11,"minecraft:lantern":3,"alexscaves:pewen_boat":1,"minecraft:bow":46,"minecraft:sweet_berries":6,"minecraft:furnace":5,"minecraft:gold_block":2,"minecraft:stone_pickaxe":504,"minecraft:cactus":3,"minecraft:wooden_pickaxe":118,"minecraft:sandstone":137,"minecraft:sugar_cane":5,"minecraft:cookie":1,"minecraft:golden_apple":5,"minecraft:respawn_anchor":1,"minecraft:sand":1235,"fantasyfurniture:royal/sofa":1,"minecraft:blast_furnace":1,"securitycraft:universal_block_remover":11,"minecraft:shears":1,"moonsweaponry:wooden_greatsword":117,"minecraft:chiseled_sandstone":76,"minecraft:diamond_sword":40,"minecraft:wooden_sword":7,"minecraft:smithing_table":2,"minecraft:iron_bars":57,"minecraft:enchanting_table":1,"minecraft:flint_and_steel":31,"minecraft:stone_shovel":492,"travelersbackpack:bat":5,"minecraft:netherrack":13,"minecraft:torch":77,"minecraft:dirt":82,"minecraft:anvil":1,"fantasyfurniture:royal/chandelier":2,"minecraft:cod_bucket":1,"minecraft:birch_door":2,"alexscaves:limestone_spear":23,"minecraft:wooden_axe":189,"minecraft:bookshelf":25,"minecraft:yellow_stained_glass":40,"minecraft:light_weighted_pressure_plate":8,"moonsweaponry:iron_greatsword":188,"moonsweaponry:wooden_halberd":18,"evilcraft:flesh_humanoid":3,"minecraft:barrel":14,"minecraft:golden_carrot":22,"minecraft:beef":5,"travelersbackpack:hose":5,"minecraft:cooked_beef":40,"minecraft:cobbled_deepslate":18,"minecraft:water_bucket":14,"minecraft:sandstone_stairs":352,"alexscaves:dinosaur_chop":1,"minecraft:birch_planks":534,"minecraft:cut_sandstone":34,"minecraft:stonecutter":1,"alexscaves:primitive_club":21,"securitycraft:cobblestone_mine":9,"anthropology_items__structures:hunters_machete":64,"minecraft:tnt":32,"minecraft:crafting_table":9,"minecraft:red_bed":4,"minecraft:white_bed":10,"minecraft:campfire":2,"fantasyfurniture:royal/bookshelf":1,"minecraft:diamond_pickaxe":84,"minecraft:cherry_door":12,"minecraft:iron_pickaxe":508,"fantasyfurniture:royal/bed_double":1,"minecraft:stone_axe":390,"fantasyfurniture:furniture_station":1,"minecraft:cobblestone":97,"minecraft:white_banner":6,"minecraft:cooked_porkchop":5,"minecraft:glass_pane":130,"minecraft:bucket":16,"minecraft:sandstone_slab":16,"minecraft:yellow_bed":1,"minecraft:dandelion":1},"minecraft:custom":{"minecraft:interact_with_crafting_table":145,"minecraft:open_barrel":55,"minecraft:eat_cake_slice":4,"minecraft:leave_game":18,"minecraft:time_since_death":2204,"minecraft:sprint_one_cm":1349117,"minecraft:drop":151,"minecraft:play_time":811705,"minecraft:deaths":64,"minecraft:jump":6111,"minecraft:walk_on_water_one_cm":91369,"minecraft:enchant_item":5,"minecraft:interact_with_furnace":92,"minecraft:sleep_in_bed":18,"minecraft:damage_dealt":154810,"minecraft:player_kills":10,"minecraft:crouch_one_cm":13816,"minecraft:interact_with_smoker":1,"minecraft:interact_with_smithing_table":13,"minecraft:interact_with_anvil":10,"minecraft:mob_kills":202,"minecraft:climb_one_cm":19195,"minecraft:walk_one_cm":1742004,"minecraft:sneak_time":4468,"minecraft:walk_under_water_one_cm":116821,"minecraft:total_world_time":811705,"minecraft:interact_with_stonecutter":10,"minecraft:time_since_rest":2232,"minecraft:damage_taken":22791,"minecraft:damage_absorbed":80,"minecraft:swim_one_cm":235969,"minecraft:fly_one_cm":988339,"minecraft:open_chest":279,"minecraft:fall_one_cm":185983},"minecraft:dropped":{"minecraft:birch_planks":1,"minecraft:cooked_beef":1,"minecraft:warped_fungus":9,"minecraft:diamond":1,"alexscaves:curly_fern":5,"minecraft:decorated_pot":3,"alexscaves:flytrap":2,"minecraft:warped_roots":1,"minecraft:leather":1,"travelersbackpack:standard":1,"minecraft:dirt":20,"moonsweaponry:iron_greatsword":1,"minecraft:writable_book":3,"minecraft:sand":24,"minecraft:polished_blackstone_bricks":1,"minecraft:cherry_door":19,"minecraft:birch_log":75,"alexscaves:cycad":1,"minecraft:gold_ingot":25,"minecraft:emerald_block":1,"minecraft:sugar_cane":4,"minecraft:ancient_debris":1,"minecraft:diamond_block":1,"minecraft:iron_nugget":3,"minecraft:birch_sapling":2,"minecraft:obsidian":2,"minecraft:rotten_flesh":25,"minecraft:fern":3,"travelersbackpack:bat":1,"evilcraft:flesh_humanoid":2,"travelersbackpack:gold_tier_upgrade":1,"minecraft:leather_chestplate":1,"minecraft:gunpowder":2,"minecraft:glowstone":2,"minecraft:chest":1,"minecraft:stone_brick_stairs":1,"minecraft:bread":7,"minecraft:golden_boots":1,"minecraft:iron_ingot":13,"minecraft:wheat_seeds":5,"minecraft:golden_helmet":2,"minecraft:bookshelf":2,"minecraft:iron_helmet":1,"minecraft:book":1,"minecraft:granite":1,"minecraft:stick":45,"alexscaves:trilocaris_tail":4,"minecraft:diorite":10,"minecraft:torch":32,"minecraft:rose_bush":3,"minecraft:fire_charge":1,"alexscaves:primitive_club":1,"minecraft:string":2,"minecraft:pink_petals":35,"minecraft:dandelion":1,"minecraft:sweet_berries":1,"alexsmobs:maggot":3,"minecraft:wild_armor_trim_smithing_template":1,"minecraft:chicken":1,"minecraft:iron_boots":3,"minecraft:shears":1,"minecraft:shield":1,"minecraft:peony":1,"minecraft:diamond_pickaxe":1,"minecraft:oak_sapling":2,"moonsweaponry:wooden_greatsword":1,"minecraft:sandstone":4,"minecraft:bow":1,"minecraft:stone_pickaxe":3,"moonsweaponry:stone_greatsword":4},"minecraft:crafted":{"securitycraft:mine":9,"supplementaries:gold_door":3,"fantasyfurniture:furniture_station":1,"minecraft:cut_sandstone":47,"travelersbackpack:crafting_upgrade":1,"travelersbackpack:hose_nozzle":1,"minecraft:stone":3,"securitycraft:keypad_item":1,"alexscaves:pewen_planks":16,"minecraft:bookshelf":27,"minecraft:heavy_weighted_pressure_plate":1,"travelersbackpack:bat":3,"minecraft:iron_bars":48,"minecraft:warped_planks":52,"minecraft:green_dye":4,"securitycraft:laser_block":1,"minecraft:quartz_block":14,"minecraft:glass":124,"minecraft:hopper":1,"minecraft:iron_boots":2,"moonsweaponry:stone_greatsword":1,"minecraft:chest":6,"alexscaves:primitive_club":1,"minecraft:birch_door":3,"minecraft:respawn_anchor":1,"travelersbackpack:iron_tier_upgrade":2,"minecraft:crafting_table":8,"travelersbackpack:standard":2,"securitycraft:reinforced_stone_button":9,"minecraft:wooden_pickaxe":2,"minecraft:iron_helmet":2,"minecraft:smithing_table":1,"moonsweaponry:iron_greatsword":1,"minecraft:birch_planks":708,"minecraft:campfire":2,"minecraft:yellow_stained_glass":40,"minecraft:iron_chestplate":2,"minecraft:book":38,"minecraft:paper":84,"minecraft:yellow_dye":7,"minecraft:diamond_pickaxe":1,"moonsweaponry:wooden_halberd":1,"minecraft:light_weighted_pressure_plate":2,"minecraft:stick":72,"minecraft:iron_ingot":233,"minecraft:iron_pickaxe":1,"minecraft:iron_block":3,"minecraft:gold_ingot":67,"minecraft:sandstone":443,"securitycraft:sc_manual":1,"minecraft:shears":2,"minecraft:sandstone_stairs":364,"securitycraft:universal_block_reinforcer_lvl1":1,"minecraft:cherry_planks":120,"minecraft:wooden_sword":1,"minecraft:stone_shovel":6,"moonsweaponry:golden_greatsword":6,"alexscaves:pewen_boat":1,"minecraft:furnace":3,"travelersbackpack:blank_upgrade":4,"minecraft:diamond_block":1,"minecraft:glass_pane":144,"minecraft:flint_and_steel":1,"travelersbackpack:white_sleeping_bag":1,"securitycraft:universal_block_remover":1,"minecraft:stone_pickaxe":7,"minecraft:redstone_block":1,"minecraft:chiseled_sandstone":80,"minecraft:golden_helmet":2,"moonsweaponry:wooden_greatsword":2,"travelersbackpack:hose":1,"minecraft:cooked_beef":34,"minecraft:enchanting_table":1,"travelersbackpack:backpack_tank":4,"minecraft:bowl":4,"minecraft:sandstone_slab":12,"minecraft:bucket":2,"securitycraft:cobblestone_mine":9,"minecraft:stone_axe":4,"minecraft:glowstone":12,"minecraft:jungle_planks":16,"securitycraft:reinforced_stone":9,"minecraft:wooden_axe":2,"minecraft:cherry_door":45,"minecraft:iron_shovel":3,"minecraft:iron_leggings":2,"minecraft:anvil":1,"minecraft:stonecutter":1,"minecraft:white_bed":2,"minecraft:torch":100},"minecraft:mined":{"minecraft:polished_granite_slab":1,"minecraft:dark_prismarine_stairs":1,"minecraft:white_bed":4,"minecraft:obsidian":22,"alexscaves:limestone":71,"minecraft:chiseled_polished_blackstone":8,"minecraft:grass_block":402,"minecraft:jungle_log":1,"minecraft:cracked_polished_blackstone_bricks":4,"minecraft:gilded_blackstone":31,"minecraft:sandstone_stairs":41,"minecraft:polished_blackstone_bricks":21,"minecraft:tall_seagrass":7,"minecraft:glowstone":14,"minecraft:iron_ore":40,"minecraft:barrel":15,"minecraft:fire":7,"minecraft:cobbled_deepslate":22,"minecraft:deepslate_lapis_ore":3,"minecraft:azure_bluet":1,"minecraft:pointed_dripstone":5,"minecraft:iron_bars":4,"minecraft:spruce_slab":6,"minecraft:deepslate_redstone_ore":5,"minecraft:sandstone_slab":9,"alexscaves:amber":16,"minecraft:red_bed":1,"minecraft:kelp_plant":6,"minecraft:crimson_nylium":7,"minecraft:smoker":2,"minecraft:clay":24,"minecraft:torch":3,"minecraft:dark_oak_wood":10,"minecraft:blast_furnace":1,"alexscaves:thin_bone":1,"minecraft:chest":3,"minecraft:dead_bush":1,"minecraft:glass":6,"minecraft:nether_quartz_ore":61,"minecraft:cobblestone":56,"minecraft:white_candle":1,"minecraft:sugar_cane":40,"minecraft:wall_torch":3,"minecraft:pink_petals":39,"minecraft:seagrass":6,"minecraft:polished_diorite_stairs":3,"minecraft:white_terracotta":3,"minecraft:light_weighted_pressure_plate":6,"minecraft:warped_nylium":1,"minecraft:nether_wart_block":22,"minecraft:birch_log":291,"evilcraft:dark_ore_deepslate":5,"minecraft:warped_fungus":10,"minecraft:tnt":78,"minecraft:stone_brick_stairs":1,"minecraft:grass":307,"minecraft:sand":485,"minecraft:dirt":270,"minecraft:netherrack":7,"minecraft:deepslate":21,"minecraft:oak_leaves":45,"minecraft:emerald_block":12,"minecraft:tuff":282,"minecraft:mossy_cobblestone":1,"minecraft:deepslate_diamond_ore":9,"minecraft:chiseled_bookshelf":7,"minecraft:dark_oak_fence":1,"minecraft:spruce_fence":1,"minecraft:decorated_pot":6,"alexscaves:pewen_log":4,"minecraft:crimson_roots":3,"minecraft:redstone_wire":1,"minecraft:moss_block":3,"minecraft:kelp":1,"minecraft:sandstone":62,"minecraft:crimson_stem":2,"minecraft:large_fern":3,"minecraft:hay_block":13,"minecraft:furnace":2,"minecraft:nether_sprouts":1,"minecraft:chiseled_sandstone":2,"evilcraft:dark_ore":1,"minecraft:gold_block":62,"minecraft:peony":1,"minecraft:bookshelf":8,"minecraft:cobblestone_slab":1,"minecraft:shroomlight":2,"minecraft:deepslate_iron_ore":50,"minecraft:vine":2,"minecraft:rail":6,"minecraft:warped_stem":26,"minecraft:lantern":5,"alexscaves:curly_fern":8,"minecraft:stone":125,"minecraft:white_wool":18,"minecraft:smithing_table":1,"minecraft:glass_pane":4,"minecraft:lily_of_the_valley":1,"minecraft:stone_brick_slab":1,"minecraft:dandelion":11,"minecraft:polished_granite":1,"minecraft:crafting_table":3,"minecraft:cornflower":1,"alexscaves:flytrap":2,"minecraft:warped_roots":1,"minecraft:rose_bush":4,"minecraft:campfire":1,"minecraft:tall_grass":54,"minecraft:lapis_ore":4,"alexscaves:archaic_vine":2,"minecraft:diorite":5,"minecraft:warped_wart_block":83,"supplementaries:urn":2,"minecraft:spruce_stairs":3,"minecraft:birch_planks":55,"minecraft:cactus":6,"minecraft:beehive":1,"minecraft:polished_blackstone_slab":1,"minecraft:redstone_torch":1,"minecraft:sweet_berry_bush":1,"minecraft:birch_leaves":1,"minecraft:white_wall_banner":9,"minecraft:dark_prismarine_slab":1,"minecraft:yellow_bed":2,"fantasyfurniture:royal/chandelier":2,"minecraft:coal_ore":50,"evilcraft:blood_stain":1,"alexscaves:cycad":4,"minecraft:gravel":3,"minecraft:cobweb":11,"minecraft:terracotta":1,"minecraft:fern":6},"minecraft:killed":{"minecraft:cave_spider":1,"minecraft:spider":5,"minecraft:skeleton":20,"doppelgangermod:disguise_iron_golem":37,"minecraft:guardian":1,"minecraft:piglin_brute":3,"minecraft:piglin":2,"minecraft:pig":2,"doppelgangermod:dpchicken":8,"minecraft:iron_golem":1,"minecraft:creeper":9,"minecraft:zombie":34,"alexsmobs:terrapin":2,"alexscaves:trilocaris":7,"alexsmobs:fly":3,"minecraft:cow":2,"alexscaves:vallumraptor":2,"alexsmobs:tarantula_hawk":1,"alexsmobs:raccoon":1,"minecraft:drowned":4,"minecraft:husk":4,"alexsmobs:guster":2,"evilcraft:poisonous_libelle":1,"alexsmobs:crocodile":1,"doppelgangermod:dpgolem":47,"alexscaves:grottoceratops":1,"minecraft:enderman":1},"minecraft:broken":{"minecraft:golden_helmet":1,"minecraft:iron_shovel":2,"moonsweaponry:wooden_greatsword":1,"minecraft:iron_chestplate":2,"minecraft:iron_leggings":1,"minecraft:stone_pickaxe":3,"minecraft:stone_axe":2,"minecraft:wooden_axe":3,"moonsweaponry:golden_greatsword":1,"minecraft:stone_shovel":3,"minecraft:leather_helmet":1,"minecraft:wooden_pickaxe":2,"minecraft:iron_pickaxe":2}},"DataVersion":3465}