{"stats":{"minecraft:used":{"minecraft:iron_shovel":128,"minecraft:mutton":1,"securitycraft:keypad_item":1,"minecraft:tuff":6,"moonsweaponry:golden_greatsword":85,"minecraft:lantern":3,"alexscaves:pewen_boat":1,"minecraft:bow":15,"minecraft:sweet_berries":6,"minecraft:furnace":3,"minecraft:stone_pickaxe":263,"minecraft:wooden_pickaxe":118,"securitycraft:universal_block_remover":11,"minecraft:shears":1,"moonsweaponry:wooden_greatsword":117,"minecraft:diamond_sword":40,"minecraft:wooden_sword":7,"minecraft:smithing_table":2,"minecraft:enchanting_table":1,"travelersbackpack:bat":5,"minecraft:torch":29,"minecraft:dirt":54,"minecraft:birch_door":2,"alexscaves:limestone_spear":23,"minecraft:wooden_axe":166,"minecraft:bookshelf":4,"moonsweaponry:iron_greatsword":188,"moonsweaponry:wooden_halberd":18,"evilcraft:flesh_humanoid":2,"minecraft:beef":5,"minecraft:cooked_beef":22,"minecraft:water_bucket":14,"alexscaves:dinosaur_chop":1,"minecraft:birch_planks":1,"alexscaves:primitive_club":8,"securitycraft:cobblestone_mine":9,"anthropology_items__structures:hunters_machete":64,"minecraft:crafting_table":6,"minecraft:red_bed":4,"minecraft:white_bed":7,"minecraft:diamond_pickaxe":35,"minecraft:iron_pickaxe":508,"minecraft:stone_axe":20,"minecraft:cobblestone":74,"minecraft:white_banner":6,"minecraft:bucket":14,"minecraft:glass_pane":28,"minecraft:yellow_bed":1},"minecraft:crafted":{"securitycraft:mine":9,"travelersbackpack:crafting_upgrade":1,"securitycraft:keypad_item":1,"alexscaves:pewen_planks":16,"minecraft:bookshelf":4,"minecraft:heavy_weighted_pressure_plate":1,"travelersbackpack:bat":3,"securitycraft:laser_block":1,"minecraft:glass":46,"minecraft:iron_boots":1,"moonsweaponry:stone_greatsword":1,"alexscaves:primitive_club":1,"minecraft:birch_door":3,"travelersbackpack:iron_tier_upgrade":2,"minecraft:crafting_table":5,"securitycraft:reinforced_stone_button":9,"minecraft:wooden_pickaxe":2,"minecraft:iron_helmet":1,"travelersbackpack:standard":2,"minecraft:smithing_table":1,"moonsweaponry:iron_greatsword":1,"minecraft:birch_planks":108,"minecraft:iron_chestplate":1,"minecraft:book":10,"minecraft:diamond_pickaxe":1,"moonsweaponry:wooden_halberd":1,"minecraft:stick":72,"minecraft:iron_ingot":103,"minecraft:iron_pickaxe":1,"minecraft:gold_ingot":10,"securitycraft:sc_manual":1,"minecraft:shears":2,"securitycraft:universal_block_reinforcer_lvl1":1,"minecraft:wooden_sword":1,"moonsweaponry:golden_greatsword":1,"alexscaves:pewen_boat":1,"minecraft:furnace":1,"travelersbackpack:blank_upgrade":4,"minecraft:glass_pane":32,"travelersbackpack:white_sleeping_bag":1,"securitycraft:universal_block_remover":1,"minecraft:stone_pickaxe":5,"minecraft:redstone_block":1,"moonsweaponry:wooden_greatsword":2,"minecraft:cooked_beef":34,"minecraft:enchanting_table":1,"travelersbackpack:backpack_tank":4,"minecraft:bucket":2,"securitycraft:cobblestone_mine":9,"minecraft:stone_axe":1,"securitycraft:reinforced_stone":9,"minecraft:wooden_axe":2,"minecraft:iron_shovel":1,"minecraft:iron_leggings":1,"minecraft:white_bed":2,"minecraft:torch":76},"minecraft:custom":{"minecraft:interact_with_crafting_table":100,"minecraft:open_barrel":12,"minecraft:eat_cake_slice":4,"minecraft:leave_game":9,"minecraft:time_since_death":17886,"minecraft:sprint_one_cm":581027,"minecraft:drop":69,"minecraft:play_time":373201,"minecraft:deaths":31,"minecraft:jump":2891,"minecraft:walk_on_water_one_cm":64466,"minecraft:enchant_item":1,"minecraft:interact_with_furnace":62,"minecraft:sleep_in_bed":9,"minecraft:damage_dealt":15313,"minecraft:player_kills":6,"minecraft:crouch_one_cm":3297,"minecraft:interact_with_smoker":1,"minecraft:interact_with_smithing_table":13,"minecraft:mob_kills":57,"minecraft:climb_one_cm":18607,"minecraft:walk_one_cm":703867,"minecraft:sneak_time":1186,"minecraft:walk_under_water_one_cm":28191,"minecraft:total_world_time":373201,"minecraft:time_since_rest":18048,"minecraft:damage_taken":10204,"minecraft:swim_one_cm":12698,"minecraft:fly_one_cm":461323,"minecraft:open_chest":110,"minecraft:fall_one_cm":101143},"minecraft:dropped":{"minecraft:birch_planks":1,"alexscaves:curly_fern":5,"alexscaves:flytrap":2,"minecraft:leather":1,"travelersbackpack:standard":1,"moonsweaponry:iron_greatsword":1,"minecraft:writable_book":3,"minecraft:sand":24,"minecraft:birch_log":75,"alexscaves:cycad":1,"minecraft:emerald_block":1,"minecraft:sugar_cane":4,"minecraft:birch_sapling":2,"minecraft:rotten_flesh":9,"minecraft:fern":3,"travelersbackpack:bat":1,"evilcraft:flesh_humanoid":2,"travelersbackpack:gold_tier_upgrade":1,"minecraft:leather_chestplate":1,"minecraft:gunpowder":2,"minecraft:iron_ingot":10,"minecraft:bread":7,"minecraft:wheat_seeds":1,"minecraft:granite":1,"minecraft:stick":45,"alexscaves:trilocaris_tail":4,"minecraft:diorite":10,"minecraft:torch":32,"minecraft:rose_bush":3,"minecraft:string":2,"minecraft:pink_petals":35,"alexsmobs:maggot":1,"minecraft:sweet_berries":1,"minecraft:shears":1,"minecraft:shield":1,"minecraft:peony":1,"moonsweaponry:wooden_greatsword":1,"minecraft:bow":1,"minecraft:stone_pickaxe":3,"moonsweaponry:stone_greatsword":4},"minecraft:killed_by":{"doppelgangermod:dp_creeper":1,"minecraft:creeper":1,"minecraft:zombie":1,"alexscaves:grottoceratops":1,"alexsmobs:skelewag":1,"alexscaves:tremorsaurus":5,"minecraft:player":7,"minecraft:spider":1,"minecraft:enderman":1,"minecraft:skeleton":3,"alexscaves:relicheirus":1},"minecraft:picked_up":{"minecraft:wooden_axe":1,"minecraft:birch_door":2,"alexscaves:tough_hide":4,"travelersbackpack:bat":1,"minecraft:smithing_table":1,"alexscaves:trilocaris_tail":5,"minecraft:string":18,"minecraft:raw_copper":44,"minecraft:cobbled_deepslate":70,"moonsweaponry:iron_greatsword":1,"minecraft:rose_bush":3,"minecraft:iron_pickaxe":1,"alexscaves:flytrap":4,"minecraft:furnace":2,"minecraft:beehive":1,"minecraft:stick":104,"minecraft:torch":14,"alexscaves:heavy_bone":1,"minecraft:cherry_log":30,"minecraft:pointed_dripstone":17,"minecraft:diorite":10,"evilcraft:box_of_eternal_closure":1,"minecraft:cactus":2,"minecraft:rotten_flesh":14,"minecraft:obsidian":20,"minecraft:iron_bars":13,"minecraft:snowball":7,"minecraft:cobblestone":168,"minecraft:birch_log":132,"minecraft:pink_petals":354,"minecraft:feather":4,"minecraft:cooked_beef":6,"minecraft:birch_slab":36,"minecraft:jungle_log":5,"minecraft:smoker":2,"minecraft:tuff":71,"anthropology_items__structures:hunters_machete":1,"evilcraft:flesh_humanoid":6,"travelersbackpack:gold_tier_upgrade":1,"minecraft:map":4,"minecraft:dirt":106,"minecraft:lantern":5,"minecraft:name_tag":1,"minecraft:bone":17,"minecraft:bow":1,"minecraft:wheat_seeds":14,"minecraft:chiseled_polished_blackstone":14,"alexsmobs:crocodile_egg":1,"minecraft:sand":222,"minecraft:lily_of_the_valley":1,"minecraft:barrel":13,"minecraft:white_candle":8,"minecraft:diamond":1,"minecraft:writable_book":4,"minecraft:cracked_polished_blackstone_bricks":1,"minecraft:granite":2,"minecraft:bone_meal":64,"alexsmobs:maggot":3,"minecraft:dark_oak_fence":1,"minecraft:charcoal":2,"minecraft:crafting_table":2,"minecraft:chicken":1,"minecraft:gold_block":57,"minecraft:shield":1,"minecraft:red_bed":4,"evilcraft:poison_sac":1,"alexscaves:dinosaur_chop":7,"minecraft:beef":23,"alexscaves:pewen_boat":1,"alexsmobs:elastic_tendon":2,"minecraft:spruce_slab":2,"minecraft:chest":3,"minecraft:sugar_cane":24,"minecraft:birch_sapling":27,"minecraft:raw_iron":3,"minecraft:sandstone":40,"securitycraft:reinforced_cobblestone":11,"alexscaves:cycad":3,"minecraft:spruce_fence":1,"minecraft:polished_blackstone_bricks":4,"minecraft:redstone":9,"minecraft:jungle_sign":1,"alexsmobs:crocodile_scute":3,"moonsweaponry:stone_greatsword":3,"minecraft:tnt":64,"minecraft:arrow":12,"minecraft:peony":1,"minecraft:shears":1,"minecraft:hay_block":13,"minecraft:sandstone_stairs":7,"minecraft:mutton":2,"minecraft:white_wool":15,"minecraft:rail":7,"alexscaves:pewen_log":4,"minecraft:leather":28,"minecraft:fern":3,"minecraft:birch_planks":1,"minecraft:yellow_bed":1,"minecraft:gunpowder":3,"alexscaves:pewen_planks":4,"minecraft:paper":3,"minecraft:white_banner":9,"alexscaves:amber":14,"minecraft:stone_pickaxe":1,"alexscaves:curly_fern":5,"minecraft:emerald_block":12,"minecraft:sweet_berries":6,"minecraft:red_wool":1,"minecraft:dandelion":1,"minecraft:dripstone_block":3,"alexscaves:tree_star":2,"minecraft:white_bed":5,"minecraft:pumpkin_seeds":2,"evilcraft:dark_gem":5,"minecraft:cherry_sapling":67,"minecraft:dark_oak_wood":9,"minecraft:coal":100},"minecraft:killed":{"minecraft:cave_spider":1,"minecraft:spider":1,"minecraft:skeleton":11,"minecraft:creeper":4,"minecraft:zombie":23,"alexscaves:trilocaris":6,"alexsmobs:fly":3,"minecraft:cow":2,"alexscaves:vallumraptor":2,"alexsmobs:raccoon":1,"evilcraft:poisonous_libelle":1,"alexsmobs:crocodile":1,"alexscaves:grottoceratops":1},"minecraft:broken":{"moonsweaponry:wooden_greatsword":1,"minecraft:iron_chestplate":1,"minecraft:stone_pickaxe":2,"minecraft:wooden_axe":2,"minecraft:wooden_pickaxe":2,"minecraft:iron_pickaxe":2},"minecraft:mined":{"alexscaves:limestone":71,"minecraft:obsidian":22,"minecraft:chiseled_polished_blackstone":8,"minecraft:grass_block":37,"minecraft:jungle_log":1,"minecraft:cracked_polished_blackstone_bricks":4,"minecraft:sandstone_stairs":7,"minecraft:polished_blackstone_bricks":21,"minecraft:cobbled_deepslate":21,"minecraft:iron_ore":30,"minecraft:fire":7,"minecraft:barrel":14,"minecraft:azure_bluet":1,"minecraft:pointed_dripstone":5,"minecraft:iron_bars":2,"minecraft:spruce_slab":6,"minecraft:deepslate_redstone_ore":5,"alexscaves:amber":16,"minecraft:red_bed":1,"minecraft:smoker":2,"minecraft:torch":2,"minecraft:dark_oak_wood":10,"alexscaves:thin_bone":1,"minecraft:chest":3,"minecraft:cobblestone":55,"minecraft:white_candle":1,"minecraft:sugar_cane":9,"minecraft:wall_torch":3,"minecraft:pink_petals":39,"evilcraft:dark_ore_deepslate":1,"minecraft:birch_log":123,"minecraft:tnt":76,"minecraft:grass":25,"minecraft:sand":216,"minecraft:dirt":8,"minecraft:oak_leaves":3,"minecraft:deepslate":18,"minecraft:emerald_block":12,"minecraft:tuff":270,"minecraft:deepslate_diamond_ore":2,"minecraft:dark_oak_fence":1,"minecraft:spruce_fence":1,"alexscaves:pewen_log":4,"minecraft:redstone_wire":1,"minecraft:moss_block":3,"minecraft:sandstone":37,"minecraft:large_fern":3,"minecraft:hay_block":13,"minecraft:furnace":2,"evilcraft:dark_ore":1,"minecraft:peony":1,"minecraft:gold_block":62,"minecraft:cobblestone_slab":1,"minecraft:deepslate_iron_ore":50,"minecraft:vine":1,"minecraft:rail":6,"minecraft:lantern":5,"alexscaves:curly_fern":8,"minecraft:stone":101,"minecraft:white_wool":18,"minecraft:smithing_table":1,"minecraft:lily_of_the_valley":1,"minecraft:dandelion":1,"minecraft:crafting_table":2,"alexscaves:flytrap":2,"minecraft:rose_bush":4,"minecraft:campfire":1,"minecraft:tall_grass":2,"alexscaves:archaic_vine":2,"minecraft:diorite":5,"minecraft:spruce_stairs":3,"minecraft:cactus":1,"minecraft:beehive":1,"minecraft:redstone_torch":1,"minecraft:sweet_berry_bush":1,"minecraft:birch_leaves":1,"minecraft:white_wall_banner":9,"minecraft:yellow_bed":2,"minecraft:coal_ore":50,"evilcraft:blood_stain":1,"alexscaves:cycad":4,"minecraft:gravel":1,"minecraft:cobweb":11,"minecraft:fern":6}},"DataVersion":3465}