{"stats":{"minecraft:used":{"minecraft:iron_shovel":512,"minecraft:chest":2,"minecraft:mutton":1,"securitycraft:keypad_item":1,"minecraft:tuff":6,"minecraft:obsidian":12,"moonsweaponry:golden_greatsword":402,"minecraft:lantern":3,"alexscaves:pewen_boat":1,"minecraft:bow":15,"minecraft:sweet_berries":6,"minecraft:furnace":3,"minecraft:stone_pickaxe":367,"minecraft:cactus":2,"minecraft:wooden_pickaxe":118,"minecraft:sandstone":29,"minecraft:sugar_cane":2,"minecraft:cookie":1,"minecraft:sand":1235,"securitycraft:universal_block_remover":11,"minecraft:shears":1,"moonsweaponry:wooden_greatsword":117,"minecraft:diamond_sword":40,"minecraft:wooden_sword":7,"minecraft:smithing_table":2,"minecraft:enchanting_table":1,"minecraft:flint_and_steel":10,"minecraft:stone_shovel":492,"minecraft:netherrack":13,"travelersbackpack:bat":5,"minecraft:torch":29,"minecraft:dirt":58,"minecraft:birch_door":2,"alexscaves:limestone_spear":23,"minecraft:wooden_axe":189,"minecraft:bookshelf":7,"moonsweaponry:iron_greatsword":188,"moonsweaponry:wooden_halberd":18,"evilcraft:flesh_humanoid":2,"minecraft:beef":5,"minecraft:cooked_beef":40,"minecraft:cobbled_deepslate":18,"minecraft:water_bucket":14,"minecraft:sandstone_stairs":66,"alexscaves:dinosaur_chop":1,"minecraft:birch_planks":1,"alexscaves:primitive_club":8,"securitycraft:cobblestone_mine":9,"anthropology_items__structures:hunters_machete":64,"minecraft:tnt":9,"minecraft:crafting_table":6,"minecraft:red_bed":4,"minecraft:white_bed":8,"minecraft:diamond_pickaxe":44,"minecraft:cherry_door":12,"minecraft:iron_pickaxe":508,"minecraft:stone_axe":137,"minecraft:cobblestone":74,"minecraft:white_banner":6,"minecraft:bucket":14,"minecraft:glass_pane":28,"minecraft:yellow_bed":1},"minecraft:crafted":{"securitycraft:mine":9,"travelersbackpack:crafting_upgrade":1,"securitycraft:keypad_item":1,"alexscaves:pewen_planks":16,"minecraft:bookshelf":9,"minecraft:heavy_weighted_pressure_plate":1,"travelersbackpack:bat":3,"securitycraft:laser_block":1,"minecraft:glass":46,"minecraft:iron_boots":1,"moonsweaponry:stone_greatsword":1,"minecraft:chest":2,"alexscaves:primitive_club":1,"minecraft:birch_door":3,"travelersbackpack:iron_tier_upgrade":2,"minecraft:crafting_table":5,"securitycraft:reinforced_stone_button":9,"travelersbackpack:standard":2,"minecraft:wooden_pickaxe":2,"minecraft:iron_helmet":1,"minecraft:smithing_table":1,"moonsweaponry:iron_greatsword":1,"minecraft:birch_planks":108,"minecraft:iron_chestplate":1,"minecraft:book":16,"minecraft:paper":18,"minecraft:diamond_pickaxe":1,"moonsweaponry:wooden_halberd":1,"minecraft:stick":72,"minecraft:iron_ingot":105,"minecraft:iron_pickaxe":1,"minecraft:gold_ingot":31,"minecraft:sandstone":14,"securitycraft:sc_manual":1,"minecraft:shears":2,"minecraft:sandstone_stairs":44,"securitycraft:universal_block_reinforcer_lvl1":1,"minecraft:cherry_planks":120,"minecraft:wooden_sword":1,"minecraft:stone_shovel":6,"moonsweaponry:golden_greatsword":1,"alexscaves:pewen_boat":1,"minecraft:furnace":1,"travelersbackpack:blank_upgrade":4,"minecraft:glass_pane":32,"minecraft:flint_and_steel":1,"travelersbackpack:white_sleeping_bag":1,"securitycraft:universal_block_remover":1,"minecraft:stone_pickaxe":5,"minecraft:redstone_block":1,"minecraft:golden_helmet":2,"moonsweaponry:wooden_greatsword":2,"minecraft:cooked_beef":34,"minecraft:enchanting_table":1,"travelersbackpack:backpack_tank":4,"minecraft:bucket":2,"securitycraft:cobblestone_mine":9,"minecraft:stone_axe":2,"minecraft:jungle_planks":16,"securitycraft:reinforced_stone":9,"minecraft:wooden_axe":2,"minecraft:iron_shovel":2,"minecraft:cherry_door":45,"minecraft:iron_leggings":1,"minecraft:white_bed":2,"minecraft:torch":76},"minecraft:custom":{"minecraft:interact_with_crafting_table":102,"minecraft:open_barrel":27,"minecraft:eat_cake_slice":4,"minecraft:leave_game":15,"minecraft:time_since_death":129,"minecraft:sprint_one_cm":775885,"minecraft:drop":125,"minecraft:play_time":508582,"minecraft:deaths":40,"minecraft:jump":3611,"minecraft:walk_on_water_one_cm":69913,"minecraft:enchant_item":2,"minecraft:interact_with_furnace":62,"minecraft:sleep_in_bed":10,"minecraft:damage_dealt":18343,"minecraft:player_kills":6,"minecraft:crouch_one_cm":3455,"minecraft:interact_with_smoker":1,"minecraft:interact_with_smithing_table":13,"minecraft:mob_kills":69,"minecraft:climb_one_cm":18689,"minecraft:walk_one_cm":1031016,"minecraft:sneak_time":1247,"minecraft:walk_under_water_one_cm":94605,"minecraft:total_world_time":508582,"minecraft:time_since_rest":157,"minecraft:damage_taken":14188,"minecraft:swim_one_cm":209818,"minecraft:fly_one_cm":625850,"minecraft:open_chest":144,"minecraft:fall_one_cm":119768},"minecraft:dropped":{"minecraft:birch_planks":1,"minecraft:cooked_beef":1,"alexscaves:curly_fern":5,"minecraft:decorated_pot":2,"alexscaves:flytrap":2,"minecraft:warped_roots":1,"minecraft:leather":1,"travelersbackpack:standard":1,"minecraft:dirt":20,"moonsweaponry:iron_greatsword":1,"minecraft:writable_book":3,"minecraft:sand":24,"minecraft:cherry_door":19,"minecraft:birch_log":75,"alexscaves:cycad":1,"minecraft:gold_ingot":23,"minecraft:emerald_block":1,"minecraft:sugar_cane":4,"minecraft:iron_nugget":3,"minecraft:obsidian":2,"minecraft:birch_sapling":2,"minecraft:rotten_flesh":9,"minecraft:fern":3,"travelersbackpack:bat":1,"evilcraft:flesh_humanoid":2,"travelersbackpack:gold_tier_upgrade":1,"minecraft:leather_chestplate":1,"minecraft:gunpowder":2,"minecraft:stone_brick_stairs":1,"minecraft:iron_ingot":13,"minecraft:bread":7,"minecraft:wheat_seeds":3,"minecraft:golden_helmet":2,"minecraft:bookshelf":2,"minecraft:iron_helmet":1,"minecraft:granite":1,"minecraft:stick":45,"alexscaves:trilocaris_tail":4,"minecraft:diorite":10,"minecraft:torch":32,"minecraft:rose_bush":3,"minecraft:fire_charge":1,"minecraft:string":2,"minecraft:pink_petals":35,"minecraft:sweet_berries":1,"alexsmobs:maggot":1,"minecraft:chicken":1,"minecraft:iron_boots":1,"minecraft:shears":1,"minecraft:shield":1,"minecraft:peony":1,"minecraft:diamond_pickaxe":1,"moonsweaponry:wooden_greatsword":1,"minecraft:sandstone":1,"minecraft:bow":1,"minecraft:stone_pickaxe":3,"moonsweaponry:stone_greatsword":4},"minecraft:killed_by":{"minecraft:ghast":1,"doppelgangermod:dp_creeper":1,"minecraft:creeper":1,"minecraft:drowned":1,"doppelgangermod:dpchicken":1,"minecraft:zombie":1,"alexscaves:grottoceratops":1,"alexsmobs:skelewag":1,"alexscaves:tremorsaurus":5,"minecraft:player":7,"minecraft:spider":1,"minecraft:enderman":1,"minecraft:skeleton":3,"alexscaves:relicheirus":1},"minecraft:picked_up":{"minecraft:wooden_axe":1,"minecraft:birch_door":2,"alexscaves:tough_hide":4,"travelersbackpack:bat":1,"minecraft:prismarine_shard":1,"minecraft:smithing_table":1,"alexscaves:trilocaris_tail":5,"minecraft:nether_brick":6,"minecraft:stone_brick_stairs":1,"minecraft:string":18,"minecraft:raw_copper":44,"minecraft:shroomlight":2,"minecraft:gold_nugget":33,"minecraft:cobbled_deepslate":71,"moonsweaponry:iron_greatsword":1,"minecraft:rose_bush":3,"minecraft:iron_pickaxe":1,"minecraft:iron_boots":1,"alexscaves:flytrap":4,"minecraft:furnace":2,"minecraft:golden_helmet":1,"minecraft:beehive":1,"minecraft:stick":109,"minecraft:torch":14,"minecraft:porkchop":4,"alexscaves:heavy_bone":1,"minecraft:cherry_log":30,"minecraft:pointed_dripstone":17,"minecraft:diorite":10,"evilcraft:box_of_eternal_closure":1,"minecraft:cactus":4,"minecraft:rotten_flesh":15,"minecraft:obsidian":20,"minecraft:iron_bars":13,"minecraft:snowball":7,"minecraft:cobblestone":191,"minecraft:birch_log":132,"minecraft:pink_petals":354,"minecraft:feather":4,"minecraft:cooked_beef":7,"minecraft:birch_slab":36,"minecraft:jungle_log":5,"minecraft:smoker":2,"minecraft:flint":1,"minecraft:tuff":71,"anthropology_items__structures:hunters_machete":1,"evilcraft:flesh_humanoid":6,"travelersbackpack:gold_tier_upgrade":1,"minecraft:map":4,"minecraft:cherry_door":6,"minecraft:dirt":722,"minecraft:lantern":5,"minecraft:name_tag":1,"minecraft:bone":17,"minecraft:bow":1,"minecraft:wheat_seeds":61,"minecraft:glowstone_dust":48,"minecraft:chiseled_polished_blackstone":14,"minecraft:warped_wart_block":62,"alexsmobs:crocodile_egg":1,"minecraft:sand":1329,"minecraft:lily_of_the_valley":1,"minecraft:barrel":13,"minecraft:white_candle":8,"alexsmobs:guster_eye":1,"minecraft:diamond":1,"minecraft:writable_book":4,"minecraft:cracked_polished_blackstone_bricks":1,"minecraft:granite":2,"minecraft:bone_meal":64,"alexsmobs:maggot":3,"minecraft:netherrack":13,"minecraft:dark_oak_fence":1,"minecraft:diamond_pickaxe":1,"minecraft:charcoal":2,"minecraft:crafting_table":2,"minecraft:chicken":1,"minecraft:gold_block":57,"minecraft:shield":1,"minecraft:cornflower":1,"minecraft:red_bed":4,"evilcraft:poison_sac":1,"alexscaves:dinosaur_chop":7,"minecraft:blackstone":23,"minecraft:dark_prismarine_stairs":1,"minecraft:beef":23,"alexscaves:pewen_boat":1,"alexsmobs:elastic_tendon":2,"minecraft:iron_nugget":21,"minecraft:spruce_slab":2,"minecraft:chest":3,"minecraft:sugar_cane":24,"minecraft:birch_sapling":27,"minecraft:raw_iron":3,"minecraft:sandstone":71,"securitycraft:reinforced_cobblestone":11,"alexscaves:cycad":3,"minecraft:spruce_fence":1,"minecraft:fire_charge":2,"minecraft:polished_blackstone_bricks":4,"minecraft:carrot":1,"minecraft:redstone":9,"alexsmobs:crocodile_scute":3,"moonsweaponry:stone_greatsword":3,"minecraft:jungle_sign":1,"minecraft:tnt":64,"minecraft:arrow":12,"minecraft:decorated_pot":2,"minecraft:peony":1,"minecraft:shears":1,"minecraft:hay_block":13,"minecraft:sandstone_stairs":29,"minecraft:gold_ingot":9,"minecraft:mutton":2,"minecraft:rail":7,"minecraft:white_wool":15,"alexscaves:pewen_log":4,"minecraft:crimson_stem":2,"minecraft:leather":29,"minecraft:fern":3,"minecraft:birch_planks":1,"minecraft:nether_wart_block":11,"minecraft:yellow_bed":1,"minecraft:gunpowder":3,"alexscaves:pewen_planks":4,"minecraft:paper":3,"minecraft:white_banner":9,"alexscaves:amber":14,"minecraft:warped_stem":23,"minecraft:stone_pickaxe":1,"alexscaves:curly_fern":5,"minecraft:soul_sand":11,"minecraft:book":8,"minecraft:warped_fungus":10,"minecraft:emerald_block":12,"minecraft:sweet_berries":6,"minecraft:stone_brick_slab":1,"minecraft:red_wool":1,"minecraft:quartz":19,"minecraft:dandelion":1,"minecraft:gravel":37,"minecraft:dripstone_block":3,"alexscaves:tree_star":2,"minecraft:white_bed":6,"minecraft:crying_obsidian":2,"minecraft:pumpkin_seeds":2,"evilcraft:dark_gem":5,"minecraft:cherry_sapling":67,"minecraft:warped_roots":1,"minecraft:dark_oak_wood":9,"minecraft:coal":100},"minecraft:killed":{"minecraft:cave_spider":1,"minecraft:spider":1,"minecraft:skeleton":11,"minecraft:guardian":1,"minecraft:pig":2,"minecraft:creeper":4,"minecraft:zombie":24,"alexsmobs:terrapin":1,"alexscaves:trilocaris":6,"alexsmobs:fly":3,"minecraft:cow":2,"alexscaves:vallumraptor":2,"alexsmobs:raccoon":1,"minecraft:drowned":3,"minecraft:husk":2,"alexsmobs:guster":2,"evilcraft:poisonous_libelle":1,"alexsmobs:crocodile":1,"alexscaves:grottoceratops":1},"minecraft:broken":{"minecraft:iron_shovel":2,"moonsweaponry:wooden_greatsword":1,"minecraft:iron_chestplate":1,"minecraft:stone_pickaxe":2,"minecraft:stone_axe":1,"minecraft:wooden_axe":3,"minecraft:stone_shovel":3,"minecraft:wooden_pickaxe":2,"minecraft:iron_pickaxe":2},"minecraft:mined":{"minecraft:polished_granite_slab":1,"minecraft:dark_prismarine_stairs":1,"minecraft:white_bed":1,"alexscaves:limestone":71,"minecraft:obsidian":22,"minecraft:chiseled_polished_blackstone":8,"minecraft:grass_block":401,"minecraft:jungle_log":1,"minecraft:cracked_polished_blackstone_bricks":4,"minecraft:sandstone_stairs":8,"minecraft:polished_blackstone_bricks":21,"minecraft:tall_seagrass":7,"minecraft:glowstone":14,"minecraft:cobbled_deepslate":22,"minecraft:iron_ore":30,"minecraft:fire":7,"minecraft:barrel":14,"minecraft:azure_bluet":1,"minecraft:pointed_dripstone":5,"minecraft:iron_bars":2,"minecraft:spruce_slab":6,"minecraft:deepslate_redstone_ore":5,"alexscaves:amber":16,"minecraft:red_bed":1,"minecraft:kelp_plant":6,"minecraft:crimson_nylium":7,"minecraft:smoker":2,"minecraft:torch":2,"minecraft:dark_oak_wood":10,"alexscaves:thin_bone":1,"minecraft:chest":3,"minecraft:dead_bush":1,"minecraft:nether_quartz_ore":49,"minecraft:cobblestone":55,"minecraft:white_candle":1,"minecraft:sugar_cane":9,"minecraft:wall_torch":3,"minecraft:pink_petals":39,"minecraft:seagrass":6,"minecraft:warped_nylium":1,"minecraft:nether_wart_block":22,"evilcraft:dark_ore_deepslate":1,"minecraft:birch_log":123,"minecraft:warped_fungus":10,"minecraft:tnt":76,"minecraft:stone_brick_stairs":1,"minecraft:grass":290,"minecraft:sand":483,"minecraft:dirt":263,"minecraft:netherrack":7,"minecraft:oak_leaves":3,"minecraft:deepslate":18,"minecraft:emerald_block":12,"minecraft:tuff":270,"minecraft:mossy_cobblestone":1,"minecraft:deepslate_diamond_ore":2,"minecraft:dark_oak_fence":1,"minecraft:chiseled_bookshelf":4,"minecraft:spruce_fence":1,"minecraft:decorated_pot":4,"alexscaves:pewen_log":4,"minecraft:crimson_roots":3,"minecraft:redstone_wire":1,"minecraft:moss_block":3,"minecraft:kelp":1,"minecraft:sandstone":38,"minecraft:crimson_stem":2,"minecraft:large_fern":3,"minecraft:hay_block":13,"minecraft:furnace":2,"minecraft:nether_sprouts":1,"evilcraft:dark_ore":1,"minecraft:peony":1,"minecraft:gold_block":62,"minecraft:shroomlight":2,"minecraft:deepslate_iron_ore":50,"minecraft:cobblestone_slab":1,"minecraft:vine":1,"minecraft:rail":6,"minecraft:warped_stem":26,"minecraft:lantern":5,"alexscaves:curly_fern":8,"minecraft:stone":125,"minecraft:white_wool":18,"minecraft:smithing_table":1,"minecraft:lily_of_the_valley":1,"minecraft:stone_brick_slab":1,"minecraft:dandelion":1,"minecraft:polished_granite":1,"minecraft:crafting_table":2,"minecraft:cornflower":1,"alexscaves:flytrap":2,"minecraft:warped_roots":1,"minecraft:rose_bush":4,"minecraft:campfire":1,"minecraft:tall_grass":52,"alexscaves:archaic_vine":2,"minecraft:diorite":5,"minecraft:warped_wart_block":83,"minecraft:spruce_stairs":3,"minecraft:cactus":2,"minecraft:beehive":1,"minecraft:redstone_torch":1,"minecraft:sweet_berry_bush":1,"minecraft:birch_leaves":1,"minecraft:dark_prismarine_slab":1,"minecraft:white_wall_banner":9,"minecraft:yellow_bed":2,"minecraft:coal_ore":50,"evilcraft:blood_stain":1,"alexscaves:cycad":4,"minecraft:gravel":3,"minecraft:cobweb":11,"minecraft:fern":6}},"DataVersion":3465}