{"stats":{"minecraft:used":{"minecraft:iron_shovel":128,"travelersbackpack:bat":5,"minecraft:torch":16,"minecraft:dirt":36,"minecraft:mutton":1,"securitycraft:keypad_item":1,"minecraft:tuff":6,"minecraft:birch_door":2,"alexscaves:limestone_spear":2,"minecraft:wooden_axe":166,"minecraft:lantern":3,"moonsweaponry:iron_greatsword":139,"moonsweaponry:wooden_halberd":18,"minecraft:beef":5,"minecraft:bow":15,"minecraft:sweet_berries":6,"minecraft:furnace":3,"minecraft:cooked_beef":16,"minecraft:water_bucket":1,"alexscaves:dinosaur_chop":1,"minecraft:birch_planks":1,"minecraft:stone_pickaxe":263,"minecraft:wooden_pickaxe":118,"alexscaves:primitive_club":6,"anthropology_items__structures:hunters_machete":45,"minecraft:red_bed":4,"minecraft:crafting_table":6,"securitycraft:universal_block_remover":11,"minecraft:white_bed":7,"moonsweaponry:wooden_greatsword":117,"minecraft:iron_pickaxe":359,"minecraft:diamond_sword":40,"minecraft:wooden_sword":7,"minecraft:cobblestone":44,"minecraft:white_banner":6,"minecraft:smithing_table":2,"minecraft:bucket":1,"minecraft:glass_pane":28,"minecraft:yellow_bed":1},"minecraft:crafted":{"minecraft:wooden_sword":1,"travelersbackpack:crafting_upgrade":1,"minecraft:furnace":1,"securitycraft:keypad_item":1,"minecraft:heavy_weighted_pressure_plate":1,"travelersbackpack:bat":3,"travelersbackpack:blank_upgrade":4,"minecraft:glass_pane":32,"securitycraft:laser_block":1,"minecraft:glass":46,"minecraft:iron_boots":1,"travelersbackpack:white_sleeping_bag":1,"securitycraft:universal_block_remover":1,"moonsweaponry:stone_greatsword":1,"minecraft:stone_pickaxe":4,"alexscaves:primitive_club":1,"minecraft:birch_door":3,"minecraft:redstone_block":1,"moonsweaponry:wooden_greatsword":2,"minecraft:cooked_beef":16,"travelersbackpack:iron_tier_upgrade":2,"minecraft:crafting_table":5,"minecraft:iron_helmet":1,"securitycraft:reinforced_stone_button":9,"travelersbackpack:backpack_tank":4,"minecraft:wooden_pickaxe":2,"travelersbackpack:standard":2,"minecraft:smithing_table":1,"moonsweaponry:iron_greatsword":1,"minecraft:bucket":1,"minecraft:birch_planks":108,"securitycraft:reinforced_stone":9,"minecraft:book":1,"moonsweaponry:wooden_halberd":1,"minecraft:stick":72,"minecraft:iron_ingot":87,"minecraft:iron_pickaxe":1,"minecraft:wooden_axe":2,"minecraft:iron_leggings":1,"minecraft:iron_shovel":1,"minecraft:gold_ingot":1,"minecraft:white_bed":2,"minecraft:torch":40,"securitycraft:sc_manual":1,"minecraft:shears":1,"securitycraft:universal_block_reinforcer_lvl1":1},"minecraft:dropped":{"minecraft:iron_ingot":10,"minecraft:bread":7,"minecraft:birch_planks":1,"minecraft:leather":1,"minecraft:granite":1,"travelersbackpack:standard":1,"minecraft:stick":45,"minecraft:diorite":10,"minecraft:torch":32,"minecraft:rose_bush":3,"minecraft:writable_book":3,"minecraft:sand":24,"minecraft:string":2,"minecraft:pink_petals":4,"minecraft:birch_log":75,"minecraft:sweet_berries":1,"alexsmobs:maggot":1,"minecraft:sugar_cane":4,"minecraft:birch_sapling":2,"minecraft:rotten_flesh":9,"travelersbackpack:bat":1,"evilcraft:flesh_humanoid":1,"travelersbackpack:gold_tier_upgrade":1,"minecraft:leather_chestplate":1,"minecraft:shield":1,"minecraft:gunpowder":2,"minecraft:peony":1,"moonsweaponry:wooden_greatsword":1,"minecraft:bow":1,"minecraft:stone_pickaxe":3,"moonsweaponry:stone_greatsword":4},"minecraft:custom":{"minecraft:interact_with_smithing_table":12,"minecraft:mob_kills":42,"minecraft:interact_with_crafting_table":72,"minecraft:open_barrel":12,"minecraft:eat_cake_slice":4,"minecraft:leave_game":7,"minecraft:time_since_death":5105,"minecraft:climb_one_cm":18218,"minecraft:sprint_one_cm":419869,"minecraft:walk_one_cm":495198,"minecraft:drop":53,"minecraft:play_time":240274,"minecraft:sneak_time":891,"minecraft:deaths":19,"minecraft:walk_under_water_one_cm":21143,"minecraft:jump":1996,"minecraft:walk_on_water_one_cm":56272,"minecraft:total_world_time":240274,"minecraft:interact_with_furnace":57,"minecraft:sleep_in_bed":9,"minecraft:time_since_rest":5130,"minecraft:damage_taken":6939,"minecraft:damage_dealt":12020,"minecraft:player_kills":5,"minecraft:swim_one_cm":6784,"minecraft:fly_one_cm":298432,"minecraft:open_chest":80,"minecraft:crouch_one_cm":2889,"minecraft:fall_one_cm":69580,"minecraft:interact_with_smoker":1},"minecraft:killed_by":{"alexscaves:tremorsaurus":1,"minecraft:player":4,"minecraft:spider":1,"minecraft:enderman":1,"minecraft:skeleton":3,"minecraft:zombie":1,"alexscaves:grottoceratops":1,"alexscaves:relicheirus":1},"minecraft:picked_up":{"minecraft:wooden_axe":1,"minecraft:birch_door":2,"minecraft:charcoal":2,"minecraft:crafting_table":2,"alexscaves:tough_hide":4,"travelersbackpack:bat":1,"minecraft:chicken":1,"minecraft:smithing_table":1,"alexscaves:trilocaris_tail":2,"minecraft:shield":1,"minecraft:string":18,"minecraft:red_bed":4,"minecraft:raw_copper":44,"evilcraft:poison_sac":1,"alexscaves:dinosaur_chop":7,"minecraft:cobbled_deepslate":70,"minecraft:beef":23,"alexsmobs:elastic_tendon":2,"minecraft:rose_bush":3,"minecraft:iron_pickaxe":1,"minecraft:sugar_cane":4,"minecraft:chest":3,"minecraft:birch_sapling":27,"alexscaves:flytrap":2,"minecraft:furnace":2,"minecraft:beehive":1,"minecraft:stick":102,"minecraft:sandstone":40,"securitycraft:reinforced_cobblestone":11,"alexscaves:cycad":2,"minecraft:torch":13,"alexscaves:heavy_bone":1,"minecraft:spruce_fence":1,"minecraft:polished_blackstone_bricks":1,"minecraft:cherry_log":30,"minecraft:pointed_dripstone":17,"minecraft:diorite":10,"minecraft:redstone":6,"moonsweaponry:stone_greatsword":3,"alexsmobs:crocodile_scute":3,"minecraft:jungle_sign":1,"evilcraft:box_of_eternal_closure":1,"minecraft:arrow":7,"minecraft:rotten_flesh":12,"minecraft:peony":1,"minecraft:hay_block":13,"minecraft:sandstone_stairs":7,"minecraft:snowball":7,"minecraft:mutton":2,"minecraft:iron_bars":10,"minecraft:rail":7,"minecraft:white_wool":15,"minecraft:cobblestone":124,"minecraft:birch_log":132,"minecraft:pink_petals":304,"minecraft:feather":4,"minecraft:cooked_beef":6,"minecraft:birch_slab":36,"minecraft:jungle_log":1,"minecraft:leather":28,"minecraft:smoker":2,"minecraft:birch_planks":1,"minecraft:tuff":71,"anthropology_items__structures:hunters_machete":1,"evilcraft:flesh_humanoid":4,"minecraft:yellow_bed":1,"minecraft:gunpowder":3,"travelersbackpack:gold_tier_upgrade":1,"minecraft:dirt":72,"minecraft:lantern":5,"minecraft:white_banner":9,"alexscaves:amber":14,"minecraft:name_tag":1,"minecraft:bone":17,"minecraft:bow":1,"minecraft:wheat_seeds":9,"minecraft:stone_pickaxe":1,"alexscaves:curly_fern":1,"minecraft:emerald_block":12,"minecraft:chiseled_polished_blackstone":7,"minecraft:sweet_berries":6,"minecraft:dripstone_block":3,"minecraft:red_wool":1,"minecraft:dandelion":1,"alexsmobs:crocodile_egg":1,"minecraft:sand":222,"minecraft:white_bed":5,"minecraft:lily_of_the_valley":1,"minecraft:barrel":13,"minecraft:pumpkin_seeds":2,"minecraft:white_candle":8,"minecraft:cracked_polished_blackstone_bricks":1,"minecraft:writable_book":4,"evilcraft:dark_gem":5,"minecraft:granite":2,"minecraft:bone_meal":64,"minecraft:cherry_sapling":67,"alexsmobs:maggot":3,"minecraft:dark_oak_wood":9,"minecraft:dark_oak_fence":1,"minecraft:coal":100},"minecraft:killed":{"minecraft:cave_spider":1,"alexsmobs:raccoon":1,"minecraft:spider":1,"minecraft:skeleton":8,"minecraft:creeper":4,"minecraft:zombie":15,"evilcraft:poisonous_libelle":1,"alexsmobs:crocodile":1,"alexscaves:trilocaris":3,"alexsmobs:fly":3,"alexscaves:grottoceratops":1,"alexscaves:vallumraptor":1,"minecraft:cow":2},"minecraft:broken":{"moonsweaponry:wooden_greatsword":1,"minecraft:wooden_pickaxe":2,"minecraft:stone_pickaxe":2,"minecraft:iron_pickaxe":1,"minecraft:wooden_axe":2},"minecraft:mined":{"minecraft:tuff":270,"minecraft:deepslate_diamond_ore":2,"alexscaves:limestone":71,"minecraft:dark_oak_fence":1,"minecraft:spruce_fence":1,"minecraft:grass_block":17,"minecraft:jungle_log":1,"minecraft:sandstone":37,"minecraft:sandstone_stairs":7,"minecraft:large_fern":2,"minecraft:hay_block":13,"minecraft:furnace":2,"minecraft:iron_ore":17,"minecraft:barrel":14,"minecraft:fire":2,"minecraft:cobbled_deepslate":21,"evilcraft:dark_ore":1,"minecraft:peony":1,"minecraft:azure_bluet":1,"minecraft:pointed_dripstone":5,"minecraft:vine":1,"minecraft:deepslate_iron_ore":50,"minecraft:cobblestone_slab":1,"minecraft:iron_bars":2,"minecraft:rail":6,"minecraft:lantern":5,"alexscaves:curly_fern":3,"minecraft:stone":62,"minecraft:white_wool":18,"minecraft:smithing_table":1,"minecraft:deepslate_redstone_ore":5,"alexscaves:amber":16,"minecraft:red_bed":1,"minecraft:lily_of_the_valley":1,"minecraft:smoker":2,"minecraft:dandelion":1,"alexscaves:flytrap":2,"minecraft:crafting_table":2,"minecraft:torch":2,"minecraft:dark_oak_wood":10,"alexscaves:thin_bone":1,"minecraft:chest":3,"minecraft:rose_bush":4,"minecraft:campfire":1,"minecraft:tall_grass":2,"minecraft:white_candle":1,"minecraft:cobblestone":49,"minecraft:sugar_cane":1,"minecraft:diorite":5,"minecraft:wall_torch":3,"minecraft:pink_petals":33,"evilcraft:dark_ore_deepslate":1,"minecraft:beehive":1,"minecraft:birch_log":123,"minecraft:sweet_berry_bush":1,"minecraft:white_wall_banner":9,"minecraft:yellow_bed":2,"minecraft:grass":13,"minecraft:coal_ore":50,"evilcraft:blood_stain":1,"alexscaves:cycad":3,"minecraft:sand":216,"minecraft:dirt":7,"minecraft:cobweb":11,"minecraft:deepslate":18,"minecraft:emerald_block":12,"minecraft:oak_leaves":3,"minecraft:fern":2}},"DataVersion":3465}