{"stats":{"minecraft:crafted":{"minecraft:cooked_beef":16,"minecraft:wooden_sword":1,"minecraft:crafting_table":3,"minecraft:wooden_pickaxe":2,"minecraft:birch_planks":88,"minecraft:stick":8,"minecraft:wooden_axe":2,"minecraft:white_bed":2,"moonsweaponry:wooden_greatsword":1},"minecraft:dropped":{"minecraft:sweet_berries":1,"alexsmobs:maggot":1,"minecraft:sugar_cane":4,"minecraft:birch_sapling":2,"minecraft:rotten_flesh":6,"evilcraft:flesh_humanoid":1,"minecraft:leather_chestplate":1,"minecraft:shield":1,"minecraft:gunpowder":1,"minecraft:peony":1,"minecraft:rose_bush":3,"minecraft:writable_book":3,"minecraft:string":2,"minecraft:pink_petals":4,"minecraft:birch_log":8},"minecraft:mined":{"minecraft:red_bed":1,"minecraft:lily_of_the_valley":1,"minecraft:smoker":2,"minecraft:crafting_table":1,"minecraft:grass_block":15,"minecraft:spruce_fence":1,"minecraft:chest":3,"minecraft:jungle_log":1,"minecraft:rose_bush":4,"minecraft:campfire":1,"minecraft:white_candle":1,"minecraft:sugar_cane":1,"minecraft:sandstone":29,"minecraft:wall_torch":2,"minecraft:sandstone_stairs":2,"minecraft:pink_petals":33,"minecraft:hay_block":13,"minecraft:furnace":1,"minecraft:beehive":1,"minecraft:birch_log":123,"minecraft:barrel":14,"minecraft:sweet_berry_bush":1,"minecraft:yellow_bed":2,"minecraft:peony":1,"minecraft:grass":10,"minecraft:pointed_dripstone":1,"minecraft:coal_ore":30,"evilcraft:blood_stain":1,"minecraft:vine":1,"minecraft:iron_bars":2,"minecraft:lantern":5,"minecraft:sand":88,"minecraft:dirt":7,"minecraft:stone":35,"minecraft:white_wool":15,"minecraft:oak_leaves":3},"minecraft:picked_up":{"minecraft:wooden_axe":1,"minecraft:birch_log":132,"minecraft:charcoal":2,"minecraft:pink_petals":87,"minecraft:crafting_table":1,"minecraft:jungle_log":1,"minecraft:leather":3,"minecraft:smoker":2,"evilcraft:flesh_humanoid":1,"minecraft:yellow_bed":1,"minecraft:gunpowder":2,"minecraft:dirt":26,"minecraft:string":2,"minecraft:red_bed":4,"minecraft:lantern":5,"minecraft:beef":5,"minecraft:rose_bush":3,"minecraft:sugar_cane":4,"minecraft:chest":3,"minecraft:birch_sapling":27,"minecraft:furnace":1,"minecraft:beehive":1,"minecraft:stick":38,"minecraft:sandstone":32,"minecraft:sweet_berries":1,"minecraft:torch":10,"alexsmobs:crocodile_egg":1,"minecraft:spruce_fence":1,"minecraft:sand":88,"minecraft:cherry_log":30,"minecraft:pointed_dripstone":4,"minecraft:white_bed":4,"minecraft:lily_of_the_valley":1,"alexsmobs:crocodile_scute":2,"minecraft:barrel":13,"minecraft:jungle_sign":1,"minecraft:rotten_flesh":6,"minecraft:white_candle":4,"minecraft:arrow":3,"minecraft:peony":1,"minecraft:writable_book":4,"minecraft:hay_block":13,"minecraft:sandstone_stairs":2,"minecraft:cherry_sapling":21,"alexsmobs:maggot":1,"minecraft:iron_bars":10,"minecraft:mutton":1,"minecraft:coal":15,"minecraft:white_wool":12,"minecraft:cobblestone":38},"minecraft:broken":{"moonsweaponry:wooden_greatsword":1,"minecraft:wooden_axe":2,"minecraft:wooden_pickaxe":2},"minecraft:killed":{"minecraft:spider":1,"minecraft:creeper":2,"minecraft:skeleton":2,"alexsmobs:crocodile":1,"minecraft:zombie":5,"alexsmobs:fly":1,"minecraft:cow":2},"minecraft:used":{"minecraft:birch_planks":1,"minecraft:wooden_pickaxe":118,"minecraft:torch":4,"anthropology_items__structures:hunters_machete":14,"minecraft:dirt":26,"minecraft:mutton":1,"minecraft:crafting_table":4,"minecraft:red_bed":4,"minecraft:white_bed":6,"minecraft:wooden_axe":166,"moonsweaponry:wooden_greatsword":74,"minecraft:lantern":3,"minecraft:wooden_sword":7,"minecraft:diamond_sword":40,"minecraft:cobblestone":27,"minecraft:beef":5,"minecraft:furnace":1,"minecraft:yellow_bed":1,"minecraft:cooked_beef":7},"minecraft:killed_by":{"minecraft:player":1,"minecraft:skeleton":2,"minecraft:zombie":1},"minecraft:custom":{"minecraft:interact_with_furnace":9,"minecraft:mob_kills":14,"minecraft:interact_with_crafting_table":10,"minecraft:open_barrel":12,"minecraft:leave_game":3,"minecraft:time_since_death":1438,"minecraft:sleep_in_bed":8,"minecraft:climb_one_cm":12399,"minecraft:time_since_rest":1467,"minecraft:sprint_one_cm":173991,"minecraft:damage_taken":2166,"minecraft:walk_one_cm":208979,"minecraft:drop":22,"minecraft:damage_dealt":2425,"minecraft:swim_one_cm":3970,"minecraft:fly_one_cm":111524,"minecraft:player_kills":1,"minecraft:open_chest":25,"minecraft:play_time":92399,"minecraft:crouch_one_cm":2171,"minecraft:sneak_time":632,"minecraft:deaths":6,"minecraft:walk_under_water_one_cm":10100,"minecraft:jump":924,"minecraft:walk_on_water_one_cm":17035,"minecraft:total_world_time":92399,"minecraft:fall_one_cm":23830}},"DataVersion":3465}