{"stats":{"minecraft:crafted":{"minecraft:cooked_beef":12,"minecraft:wooden_sword":1,"minecraft:crafting_table":2,"minecraft:wooden_pickaxe":2,"minecraft:birch_planks":36,"minecraft:stick":8,"minecraft:wooden_axe":2,"minecraft:white_bed":1},"minecraft:dropped":{"minecraft:sweet_berries":1,"alexsmobs:maggot":1,"minecraft:birch_sapling":2,"minecraft:rotten_flesh":6,"minecraft:leather_chestplate":1,"minecraft:shield":1,"minecraft:peony":1,"minecraft:rose_bush":3,"minecraft:writable_book":2},"minecraft:mined":{"minecraft:red_bed":1,"minecraft:lily_of_the_valley":1,"minecraft:smoker":2,"minecraft:crafting_table":1,"minecraft:grass_block":8,"minecraft:spruce_fence":1,"minecraft:chest":3,"minecraft:jungle_log":1,"minecraft:rose_bush":4,"minecraft:campfire":1,"minecraft:white_candle":1,"minecraft:sandstone":29,"minecraft:wall_torch":2,"minecraft:sandstone_stairs":2,"minecraft:furnace":1,"minecraft:beehive":1,"minecraft:birch_log":123,"minecraft:barrel":14,"minecraft:sweet_berry_bush":1,"minecraft:peony":1,"minecraft:grass":2,"minecraft:coal_ore":30,"evilcraft:blood_stain":1,"minecraft:vine":1,"minecraft:iron_bars":2,"minecraft:lantern":3,"minecraft:sand":8,"minecraft:dirt":7,"minecraft:stone":35,"minecraft:white_wool":15,"minecraft:oak_leaves":3},"minecraft:picked_up":{"minecraft:wooden_axe":1,"minecraft:birch_log":124,"minecraft:charcoal":2,"minecraft:crafting_table":1,"minecraft:jungle_log":1,"minecraft:leather":3,"minecraft:smoker":2,"evilcraft:flesh_humanoid":1,"minecraft:dirt":25,"minecraft:red_bed":4,"minecraft:lantern":3,"minecraft:beef":5,"minecraft:rose_bush":3,"minecraft:chest":3,"minecraft:birch_sapling":27,"minecraft:furnace":1,"minecraft:stick":24,"minecraft:beehive":1,"minecraft:sandstone":32,"minecraft:sweet_berries":1,"minecraft:torch":10,"minecraft:spruce_fence":1,"minecraft:sand":8,"minecraft:white_bed":3,"minecraft:lily_of_the_valley":1,"minecraft:barrel":13,"minecraft:jungle_sign":1,"minecraft:rotten_flesh":6,"minecraft:white_candle":4,"minecraft:peony":1,"minecraft:writable_book":4,"minecraft:sandstone_stairs":2,"alexsmobs:maggot":1,"minecraft:coal":15,"minecraft:iron_bars":10,"minecraft:mutton":1,"minecraft:white_wool":12,"minecraft:cobblestone":37},"minecraft:killed":{"minecraft:zombie":3,"alexsmobs:fly":1,"minecraft:cow":2},"minecraft:broken":{"minecraft:wooden_axe":2,"minecraft:wooden_pickaxe":1},"minecraft:used":{"minecraft:wooden_pickaxe":116,"minecraft:torch":3,"minecraft:dirt":25,"minecraft:mutton":1,"minecraft:crafting_table":3,"minecraft:red_bed":4,"minecraft:white_bed":4,"minecraft:wooden_axe":166,"minecraft:diamond_sword":16,"minecraft:wooden_sword":7,"minecraft:cobblestone":27,"minecraft:beef":5,"minecraft:furnace":1,"minecraft:cooked_beef":2},"minecraft:killed_by":{"minecraft:player":1,"minecraft:skeleton":1},"minecraft:custom":{"minecraft:interact_with_furnace":6,"minecraft:mob_kills":6,"minecraft:interact_with_crafting_table":7,"minecraft:open_barrel":12,"minecraft:leave_game":2,"minecraft:time_since_death":10573,"minecraft:sleep_in_bed":6,"minecraft:climb_one_cm":11807,"minecraft:time_since_rest":10575,"minecraft:sprint_one_cm":96595,"minecraft:damage_taken":1043,"minecraft:walk_one_cm":130936,"minecraft:drop":13,"minecraft:damage_dealt":828,"minecraft:fly_one_cm":53562,"minecraft:player_kills":1,"minecraft:open_chest":7,"minecraft:crouch_one_cm":2171,"minecraft:sneak_time":632,"minecraft:play_time":57357,"minecraft:deaths":3,"minecraft:walk_under_water_one_cm":5806,"minecraft:jump":562,"minecraft:walk_on_water_one_cm":10293,"minecraft:total_world_time":57357,"minecraft:fall_one_cm":16023}},"DataVersion":3465}