{"stats":{"minecraft:crafted":{"minecraft:cooked_beef":16,"minecraft:wooden_sword":1,"minecraft:crafting_table":4,"minecraft:wooden_pickaxe":2,"minecraft:birch_planks":88,"moonsweaponry:stone_greatsword":1,"minecraft:stick":8,"minecraft:stone_pickaxe":4,"minecraft:wooden_axe":2,"minecraft:white_bed":2,"moonsweaponry:wooden_greatsword":2},"minecraft:dropped":{"minecraft:bread":7,"minecraft:sweet_berries":1,"alexsmobs:maggot":1,"minecraft:sugar_cane":4,"minecraft:birch_sapling":2,"minecraft:rotten_flesh":6,"evilcraft:flesh_humanoid":1,"minecraft:leather_chestplate":1,"minecraft:diorite":10,"minecraft:shield":1,"minecraft:gunpowder":1,"minecraft:peony":1,"minecraft:rose_bush":3,"minecraft:writable_book":3,"minecraft:string":2,"minecraft:pink_petals":4,"minecraft:birch_log":8,"moonsweaponry:stone_greatsword":4},"minecraft:mined":{"alexscaves:amber":15,"minecraft:red_bed":1,"minecraft:lily_of_the_valley":1,"minecraft:smoker":2,"alexscaves:limestone":71,"minecraft:crafting_table":1,"minecraft:grass_block":16,"minecraft:spruce_fence":1,"minecraft:chest":3,"minecraft:jungle_log":1,"minecraft:rose_bush":4,"minecraft:campfire":1,"minecraft:white_candle":1,"minecraft:diorite":5,"minecraft:sugar_cane":1,"minecraft:sandstone":29,"minecraft:wall_torch":2,"minecraft:sandstone_stairs":2,"minecraft:pink_petals":33,"minecraft:hay_block":13,"minecraft:furnace":1,"minecraft:iron_ore":6,"minecraft:beehive":1,"minecraft:birch_log":123,"minecraft:barrel":14,"minecraft:sweet_berry_bush":1,"minecraft:yellow_bed":2,"minecraft:peony":1,"minecraft:grass":10,"minecraft:pointed_dripstone":5,"minecraft:coal_ore":50,"evilcraft:blood_stain":1,"minecraft:vine":1,"minecraft:iron_bars":2,"minecraft:lantern":5,"minecraft:sand":88,"minecraft:dirt":7,"minecraft:stone":57,"minecraft:white_wool":15,"minecraft:oak_leaves":3},"minecraft:picked_up":{"minecraft:wooden_axe":1,"minecraft:birch_log":132,"minecraft:charcoal":2,"minecraft:pink_petals":87,"minecraft:crafting_table":1,"minecraft:jungle_log":1,"minecraft:leather":3,"minecraft:smoker":2,"evilcraft:flesh_humanoid":1,"minecraft:yellow_bed":1,"minecraft:gunpowder":2,"minecraft:dirt":26,"minecraft:string":2,"minecraft:red_bed":4,"minecraft:lantern":5,"alexscaves:amber":13,"minecraft:bone":4,"minecraft:beef":5,"minecraft:rose_bush":3,"minecraft:sugar_cane":4,"minecraft:chest":3,"minecraft:birch_sapling":27,"minecraft:furnace":1,"minecraft:beehive":1,"minecraft:stick":70,"minecraft:sandstone":32,"minecraft:sweet_berries":1,"minecraft:torch":10,"alexsmobs:crocodile_egg":1,"minecraft:spruce_fence":1,"minecraft:sand":88,"minecraft:cherry_log":30,"minecraft:diorite":10,"moonsweaponry:stone_greatsword":3,"minecraft:pointed_dripstone":15,"minecraft:white_bed":4,"minecraft:lily_of_the_valley":1,"alexsmobs:crocodile_scute":2,"minecraft:barrel":13,"minecraft:jungle_sign":1,"minecraft:rotten_flesh":6,"minecraft:white_candle":4,"minecraft:arrow":3,"minecraft:peony":1,"minecraft:writable_book":4,"minecraft:hay_block":13,"minecraft:sandstone_stairs":2,"minecraft:cherry_sapling":21,"alexsmobs:maggot":1,"minecraft:iron_bars":10,"minecraft:mutton":1,"minecraft:coal":15,"minecraft:white_wool":12,"minecraft:cobblestone":62},"minecraft:broken":{"moonsweaponry:wooden_greatsword":1,"minecraft:wooden_axe":2,"minecraft:wooden_pickaxe":2,"minecraft:stone_pickaxe":1},"minecraft:killed":{"minecraft:spider":1,"minecraft:creeper":2,"minecraft:skeleton":4,"alexsmobs:crocodile":1,"minecraft:zombie":9,"alexsmobs:fly":1,"minecraft:cow":2},"minecraft:used":{"minecraft:birch_planks":1,"minecraft:stone_pickaxe":145,"minecraft:wooden_pickaxe":118,"minecraft:torch":5,"anthropology_items__structures:hunters_machete":14,"minecraft:dirt":26,"minecraft:mutton":1,"minecraft:crafting_table":5,"minecraft:red_bed":4,"minecraft:white_bed":6,"minecraft:wooden_axe":166,"moonsweaponry:wooden_greatsword":98,"minecraft:lantern":3,"minecraft:bow":1,"minecraft:wooden_sword":7,"minecraft:diamond_sword":40,"minecraft:cobblestone":27,"minecraft:beef":5,"minecraft:furnace":1,"minecraft:yellow_bed":1,"minecraft:cooked_beef":10},"minecraft:killed_by":{"minecraft:player":1,"minecraft:skeleton":2,"minecraft:zombie":1},"minecraft:custom":{"minecraft:interact_with_furnace":9,"minecraft:mob_kills":20,"minecraft:interact_with_crafting_table":14,"minecraft:open_barrel":12,"minecraft:leave_game":3,"minecraft:time_since_death":4321,"minecraft:sleep_in_bed":8,"minecraft:climb_one_cm":12399,"minecraft:time_since_rest":4363,"minecraft:sprint_one_cm":187997,"minecraft:damage_taken":2794,"minecraft:walk_one_cm":243989,"minecraft:drop":33,"minecraft:damage_dealt":3437,"minecraft:swim_one_cm":3970,"minecraft:fly_one_cm":121594,"minecraft:player_kills":2,"minecraft:open_chest":27,"minecraft:play_time":104399,"minecraft:crouch_one_cm":2398,"minecraft:sneak_time":749,"minecraft:deaths":7,"minecraft:walk_under_water_one_cm":10100,"minecraft:jump":1025,"minecraft:walk_on_water_one_cm":18417,"minecraft:total_world_time":104399,"minecraft:fall_one_cm":32813}},"DataVersion":3465}