{"stats":{"minecraft:picked_up":{"minecraft:string":1},"minecraft:custom":{"minecraft:jump":11,"minecraft:time_since_rest":5134,"minecraft:damage_dealt":164,"minecraft:sprint_one_cm":1595,"minecraft:leave_game":3,"minecraft:play_time":5134,"minecraft:damage_taken":175,"minecraft:time_since_death":5134,"minecraft:walk_one_cm":2875,"minecraft:sneak_time":23,"minecraft:total_world_time":5134,"minecraft:mob_kills":1,"minecraft:fall_one_cm":209,"minecraft:fly_one_cm":1851},"minecraft:killed":{"minecraft:spider":1}},"DataVersion":3465}