{"stats":{"minecraft:used":{"minecraft:iron_shovel":337,"minecraft:ladder":3,"minecraft:chest":8,"minecraft:shield":109,"minecraft:iron_sword":219,"minecraft:rotten_flesh":5,"minecraft:carrot":25,"moonsweaponry:golden_greatsword":102,"minecraft:obsidian":1,"minecraft:glass":53,"minecraft:stone_brick_stairs":41,"minecraft:stone_bricks":27,"minecraft:magma_block":2,"supplementaries:ash":1,"fantasyfurniture:decorations/cookie_jar":1,"minecraft:furnace":2,"minecraft:potato":42,"travelersbackpack:redstone":4,"minecraft:spruce_door":2,"minecraft:stone_pickaxe":393,"minecraft:composter":1,"minecraft:sugar_cane":6,"minecraft:cookie":1,"minecraft:golden_apple":1,"minecraft:glow_berries":5,"minecraft:sand":6,"minecraft:blast_furnace":1,"minecraft:sticky_piston":2,"minecraft:lever":3,"fantasyfurniture:decorations/muffins_chocolate":1,"minecraft:bread":18,"evilcraft:darkened_apple":1,"minecraft:iron_door":1,"minecraft:gravel":1,"supplementaries:flax_seeds":2,"minecraft:diamond_sword":24,"minecraft:smithing_table":1,"minecraft:andesite":4,"minecraft:smooth_stone_slab":8,"minecraft:bone_meal":75,"minecraft:golden_pickaxe":20,"fantasyfurniture:decorations/book_stack":1,"minecraft:iron_bars":5,"minecraft:light_gray_carpet":2,"minecraft:spruce_planks":567,"minecraft:stone_hoe":43,"minecraft:torch":429,"minecraft:spyglass":9,"minecraft:dirt":64,"minecraft:stone_stairs":1,"minecraft:granite":3,"minecraft:wooden_axe":64,"minecraft:iron_axe":235,"evilcraft:flesh_humanoid":2,"alexscaves:spelunkery_table":1,"minecraft:cooked_beef":34,"minecraft:cobbled_deepslate":12,"minecraft:wheat_seeds":139,"minecraft:water_bucket":32,"minecraft:snow_block":75,"fantasyfurniture:decorations/floating_tomes":2,"minecraft:baked_potato":21,"minecraft:cobblestone_slab":63,"anthropology_items__structures:hunters_machete":18,"minecraft:crafting_table":4,"minecraft:red_bed":2,"minecraft:spruce_log":25,"minecraft:smoker":1,"minecraft:apple":3,"minecraft:iron_pickaxe":1526,"minecraft:spruce_sapling":31,"minecraft:stone_axe":141,"minecraft:cobblestone":424,"travelersbackpack:standard":10,"minecraft:cooked_porkchop":6,"minecraft:bucket":33,"alexsmobs:animal_dictionary":1,"alexscaves:flytrap":1,"minecraft:smooth_stone":91,"minecraft:splash_potion":1},"minecraft:crafted":{"minecraft:smooth_stone":88,"minecraft:oak_planks":20,"minecraft:cobblestone_slab":102,"travelersbackpack:crafting_upgrade":1,"minecraft:stone":138,"minecraft:lever":1,"minecraft:glass":77,"minecraft:iron_boots":1,"minecraft:chest":7,"minecraft:iron_door":3,"minecraft:stone_hoe":1,"minecraft:smoker":1,"travelersbackpack:iron_tier_upgrade":1,"minecraft:cooked_porkchop":6,"minecraft:crafting_table":4,"minecraft:spruce_planks":664,"travelersbackpack:standard":3,"minecraft:baked_potato":55,"minecraft:iron_helmet":1,"minecraft:spruce_door":3,"minecraft:smithing_table":1,"minecraft:sticky_piston":1,"minecraft:birch_planks":4,"minecraft:stone_brick_stairs":1,"minecraft:iron_chestplate":1,"minecraft:book":2,"minecraft:paper":9,"minecraft:shield":1,"minecraft:stick":76,"minecraft:iron_pickaxe":6,"minecraft:iron_ingot":145,"minecraft:snow_block":79,"minecraft:gold_ingot":37,"evilcraft:dark_spike":8,"minecraft:smooth_stone_slab":6,"moonsweaponry:golden_greatsword":1,"minecraft:furnace":3,"minecraft:blast_furnace":1,"minecraft:piston":1,"minecraft:bone_meal":27,"travelersbackpack:blank_upgrade":4,"travelersbackpack:gold_tier_upgrade":1,"minecraft:stone_stairs":12,"evilcraft:dark_block":1,"travelersbackpack:white_sleeping_bag":1,"minecraft:iron_axe":1,"minecraft:ladder":3,"minecraft:stone_pickaxe":3,"evilcraft:darkened_apple":1,"minecraft:wheat":27,"minecraft:cooked_beef":34,"travelersbackpack:backpack_tank":4,"minecraft:bucket":1,"minecraft:stone_axe":1,"minecraft:bread":21,"minecraft:air":0,"travelersbackpack:redstone":1,"minecraft:white_wool":3,"minecraft:wooden_axe":1,"minecraft:iron_shovel":2,"minecraft:iron_leggings":1,"minecraft:torch":456},"minecraft:dropped":{"minecraft:sand":1,"minecraft:iron_pickaxe":2,"minecraft:bone":5,"minecraft:oak_planks":1,"minecraft:light_gray_carpet":2,"minecraft:tuff":64,"minecraft:potato":6,"minecraft:shield":1,"minecraft:spruce_planks":28,"minecraft:iron_chestplate":1,"minecraft:spider_eye":1,"minecraft:spruce_log":13},"minecraft:custom":{"minecraft:interact_with_crafting_table":79,"minecraft:open_barrel":16,"minecraft:leave_game":20,"minecraft:time_since_death":8434,"minecraft:sprint_one_cm":1096515,"minecraft:damage_blocked_by_shield":3994,"minecraft:drop":13,"minecraft:talked_to_villager":13,"minecraft:play_time":493527,"minecraft:deaths":14,"minecraft:jump":5192,"minecraft:interact_with_brewingstand":3,"minecraft:walk_on_water_one_cm":75693,"minecraft:enchant_item":3,"minecraft:interact_with_furnace":105,"minecraft:interact_with_loom":4,"minecraft:sleep_in_bed":7,"minecraft:damage_dealt":19029,"minecraft:player_kills":2,"minecraft:crouch_one_cm":26118,"minecraft:interact_with_smoker":15,"minecraft:interact_with_smithing_table":9,"minecraft:mob_kills":75,"minecraft:climb_one_cm":12421,"minecraft:walk_one_cm":1214117,"minecraft:sneak_time":9755,"minecraft:walk_under_water_one_cm":301332,"minecraft:interact_with_blast_furnace":14,"minecraft:total_world_time":493527,"minecraft:interact_with_stonecutter":4,"minecraft:time_since_rest":8484,"minecraft:damage_absorbed":40,"minecraft:damage_taken":12486,"minecraft:swim_one_cm":101487,"minecraft:fly_one_cm":1066558,"minecraft:open_chest":258,"minecraft:fall_one_cm":175398},"minecraft:killed_by":{"doppelgangermod:dp_creeper":1,"minecraft:creeper":1,"alexsmobs:tusklin":1,"alexsmobs:cachalot_whale":1,"minecraft:cave_spider":1,"minecraft:zombie":1,"minecraft:player":1,"doppelgangermod:dp_cow":3},"minecraft:picked_up":{"minecraft:wheat":56,"alexscaves:trilocaris_tail":3,"minecraft:stone_brick_stairs":13,"minecraft:brewing_stand":1,"minecraft:string":52,"evilcraft:ender_tear":1,"minecraft:smooth_stone_slab":2,"minecraft:sticky_piston":2,"minecraft:cobbled_deepslate":15,"minecraft:gold_nugget":38,"minecraft:smooth_stone":9,"minecraft:spruce_planks":106,"minecraft:redstone_torch":3,"minecraft:cobblestone_slab":62,"minecraft:iron_pickaxe":2,"alexscaves:flytrap":1,"minecraft:furnace":1,"minecraft:stick":78,"minecraft:composter":1,"minecraft:big_dripleaf":5,"minecraft:torch":40,"minecraft:porkchop":6,"minecraft:cherry_log":1,"minecraft:diorite":25,"supplementaries:flax":1,"fantasyfurniture:decorations/cookie_jar":1,"minecraft:rotten_flesh":22,"supplementaries:antique_ink":4,"supplementaries:ash":38,"minecraft:iron_bars":5,"minecraft:snowball":344,"minecraft:cobblestone":691,"minecraft:birch_log":1,"minecraft:magma_block":6,"minecraft:andesite":187,"minecraft:potato":97,"alexsmobs:bison_fur":2,"minecraft:flint":1,"minecraft:tuff":9,"evilcraft:flesh_humanoid":6,"supplementaries:flax_seeds":8,"minecraft:dirt":92,"minecraft:lapis_lazuli":5,"minecraft:lantern":15,"minecraft:bone":25,"minecraft:wheat_seeds":168,"minecraft:raw_gold":8,"minecraft:grindstone":1,"fantasyfurniture:decorations/floating_tomes":2,"minecraft:mossy_stone_bricks":5,"minecraft:moss_block":9,"minecraft:oak_planks":1,"minecraft:poisonous_potato":1,"minecraft:sand":84,"minecraft:stripped_spruce_log":8,"minecraft:grass_block":1,"minecraft:lever":2,"evilcraft:broom":1,"minecraft:granite":3,"minecraft:bone_meal":3,"minecraft:emerald":8,"alexsmobs:maggot":2,"minecraft:dark_oak_fence":1,"minecraft:oak_sapling":3,"minecraft:light_gray_carpet":5,"minecraft:netherrack":1,"minecraft:crafting_table":1,"minecraft:clay_ball":28,"minecraft:chest_minecart":1,"minecraft:golden_pickaxe":11,"minecraft:gold_block":9,"minecraft:chain":4,"minecraft:stone_stairs":1,"minecraft:oak_trapdoor":1,"minecraft:red_bed":2,"minecraft:white_carpet":9,"travelersbackpack:redstone":2,"minecraft:cracked_stone_bricks":4,"minecraft:candle":1,"minecraft:beef":26,"minecraft:iron_nugget":8,"minecraft:poppy":1,"minecraft:sugar_cane":25,"minecraft:chest":3,"minecraft:egg":2,"minecraft:carrot":13,"minecraft:arrow":12,"minecraft:hay_block":3,"alexscaves:spelunkery_table":1,"minecraft:glow_berries":2,"minecraft:rail":43,"minecraft:leather":9,"minecraft:oak_log":5,"minecraft:cobblestone_stairs":6,"minecraft:stone_bricks":40,"minecraft:glass_bottle":2,"minecraft:flowering_azalea":1,"minecraft:book":3,"fantasyfurniture:decorations/muffins_chocolate":1,"fantasyfurniture:decorations/book_stack":1,"minecraft:gravel":4,"minecraft:amethyst_shard":4,"minecraft:spruce_sapling":50,"minecraft:spruce_log":200,"minecraft:spider_eye":2,"minecraft:spruce_door":2,"travelersbackpack:standard":1,"minecraft:slime_ball":1,"minecraft:coal":104},"minecraft:killed":{"minecraft:cave_spider":2,"minecraft:witch":1,"doppelgangermod:dp_creeper":1,"minecraft:spider":8,"alexsmobs:snow_leopard":1,"minecraft:skeleton":12,"minecraft:silverfish":1,"minecraft:pig":3,"doppelgangermod:dpchicken":4,"minecraft:zombie_villager":1,"minecraft:creeper":2,"minecraft:trader_llama":1,"minecraft:zombie":22,"alexscaves:trilocaris":2,"doppelgangermod:dp_cow":3,"minecraft:cow":6,"minecraft:slime":1,"alexsmobs:bison":1,"minecraft:enderman":1},"minecraft:broken":{"minecraft:iron_shovel":1,"minecraft:iron_boots":1,"minecraft:iron_chestplate":1,"minecraft:iron_leggings":1,"minecraft:stone_pickaxe":3,"minecraft:stone_axe":1,"minecraft:iron_sword":1,"minecraft:wooden_axe":1,"moonsweaponry:golden_greatsword":1,"minecraft:shield":1,"minecraft:iron_pickaxe":6,"minecraft:iron_helmet":1,"minecraft:golden_pickaxe":1},"minecraft:mined":{"minecraft:large_amethyst_bud":2,"minecraft:spruce_planks":115,"minecraft:farmland":4,"minecraft:cherry_log":4,"minecraft:cobblestone_stairs":9,"minecraft:brewing_stand":1,"minecraft:cave_vines_plant":1,"minecraft:granite":3,"minecraft:grass_block":26,"minecraft:composter":1,"minecraft:smooth_stone":9,"minecraft:magma_block":4,"minecraft:fire":6,"minecraft:iron_ore":141,"minecraft:sticky_piston":2,"minecraft:deepslate_lapis_ore":5,"minecraft:cave_vines":1,"minecraft:iron_bars":5,"minecraft:deepslate_redstone_ore":46,"minecraft:red_bed":2,"minecraft:kelp_plant":1,"minecraft:amethyst_cluster":1,"minecraft:clay":7,"minecraft:torch":2,"minecraft:poppy":1,"minecraft:chest":3,"minecraft:glass":2,"minecraft:cobblestone":28,"minecraft:grindstone":1,"minecraft:oak_planks":1,"minecraft:sugar_cane":14,"minecraft:wall_torch":8,"minecraft:stone_stairs":1,"minecraft:chain":4,"minecraft:birch_log":1,"evilcraft:dark_ore_deepslate":14,"minecraft:wheat":68,"minecraft:stone_brick_stairs":13,"minecraft:smooth_stone_slab":2,"minecraft:grass":62,"minecraft:sand":21,"minecraft:dirt":63,"fantasyfurniture:decorations/cookie_jar":1,"minecraft:netherrack":1,"minecraft:oak_leaves":7,"minecraft:deepslate":14,"alexscaves:spelunkery_table":1,"minecraft:tuff":213,"minecraft:mossy_cobblestone":1,"minecraft:deepslate_diamond_ore":2,"minecraft:candle":1,"minecraft:lever":2,"minecraft:dark_oak_fence":1,"minecraft:spruce_leaves":19,"minecraft:moss_block":11,"minecraft:large_fern":2,"minecraft:hay_block":3,"minecraft:redstone_ore":4,"minecraft:oak_trapdoor":1,"minecraft:spruce_sapling":1,"minecraft:furnace":1,"minecraft:carrots":5,"supplementaries:flax":1,"minecraft:snow":231,"minecraft:andesite":192,"minecraft:stripped_spruce_log":8,"evilcraft:dark_ore":9,"minecraft:big_dripleaf_stem":1,"minecraft:bookshelf":1,"minecraft:potatoes":30,"minecraft:deepslate_iron_ore":35,"minecraft:cobblestone_slab":61,"minecraft:rail":34,"minecraft:lantern":15,"minecraft:stone":666,"minecraft:light_gray_carpet":2,"minecraft:flowering_azalea":1,"minecraft:snow_block":29,"minecraft:spruce_door":2,"travelersbackpack:standard":1,"minecraft:crafting_table":1,"alexscaves:flytrap":1,"minecraft:emerald_ore":1,"minecraft:tall_grass":1,"minecraft:copper_ore":50,"minecraft:lapis_ore":8,"minecraft:deepslate_gold_ore":55,"minecraft:diorite":25,"supplementaries:urn":24,"minecraft:redstone_torch":3,"minecraft:ice":25,"minecraft:white_carpet":9,"minecraft:spruce_log":202,"minecraft:coal_ore":159,"evilcraft:blood_stain":1,"travelersbackpack:redstone":2,"minecraft:gravel":1,"minecraft:cobweb":58,"minecraft:cracked_stone_bricks":3,"minecraft:stone_bricks":36,"minecraft:mossy_stone_bricks":5,"minecraft:gold_ore":9}},"DataVersion":3465}