{"stats":{"minecraft:used":{"minecraft:spruce_door":2,"minecraft:stone_pickaxe":393,"minecraft:light_gray_carpet":2,"minecraft:spruce_planks":64,"minecraft:chest":2,"minecraft:torch":136,"anthropology_items__structures:hunters_machete":10,"minecraft:dirt":12,"minecraft:crafting_table":2,"minecraft:red_bed":1,"moonsweaponry:golden_greatsword":46,"minecraft:apple":3,"minecraft:iron_pickaxe":281,"minecraft:spruce_sapling":6,"minecraft:stone_bricks":23,"minecraft:stone_axe":42,"minecraft:cobblestone":232,"minecraft:furnace":1,"alexsmobs:animal_dictionary":1,"minecraft:cooked_beef":12,"minecraft:splash_potion":1},"minecraft:crafted":{"minecraft:cooked_beef":12,"evilcraft:dark_spike":8,"minecraft:oak_planks":20,"minecraft:crafting_table":2,"moonsweaponry:golden_greatsword":1,"minecraft:spruce_planks":84,"minecraft:iron_helmet":1,"minecraft:spruce_door":3,"minecraft:furnace":1,"minecraft:birch_planks":4,"minecraft:stone_axe":1,"minecraft:air":0,"evilcraft:dark_block":1,"minecraft:shield":1,"minecraft:stick":8,"minecraft:iron_ingot":14,"minecraft:iron_pickaxe":1,"minecraft:stone_pickaxe":3,"minecraft:chest":1,"minecraft:gold_ingot":9,"minecraft:torch":144},"minecraft:dropped":{"minecraft:iron_pickaxe":2},"minecraft:custom":{"minecraft:interact_with_furnace":17,"minecraft:mob_kills":13,"minecraft:interact_with_crafting_table":15,"minecraft:time_since_death":73553,"minecraft:sleep_in_bed":4,"minecraft:climb_one_cm":838,"minecraft:time_since_rest":37406,"minecraft:sprint_one_cm":265939,"minecraft:damage_taken":1580,"minecraft:walk_one_cm":215302,"minecraft:drop":2,"minecraft:damage_dealt":2650,"minecraft:swim_one_cm":8505,"minecraft:talked_to_villager":8,"minecraft:fly_one_cm":314709,"minecraft:open_chest":26,"minecraft:crouch_one_cm":16245,"minecraft:play_time":92076,"minecraft:deaths":2,"minecraft:sneak_time":3374,"minecraft:walk_under_water_one_cm":16104,"minecraft:jump":1430,"minecraft:interact_with_brewingstand":3,"minecraft:walk_on_water_one_cm":3530,"minecraft:total_world_time":92076,"minecraft:fall_one_cm":36098},"minecraft:killed_by":{"minecraft:player":1,"alexsmobs:tusklin":1},"minecraft:picked_up":{"minecraft:birch_log":1,"minecraft:crafting_table":1,"minecraft:clay_ball":24,"minecraft:andesite":3,"minecraft:leather":4,"minecraft:gold_block":9,"alexsmobs:bison_fur":2,"minecraft:oak_log":5,"supplementaries:flax_seeds":3,"minecraft:brewing_stand":1,"minecraft:lapis_lazuli":5,"minecraft:string":20,"minecraft:dirt":12,"minecraft:red_bed":1,"minecraft:white_carpet":9,"minecraft:bone":18,"minecraft:stone_bricks":34,"minecraft:cracked_stone_bricks":3,"minecraft:beef":19,"minecraft:redstone_torch":3,"minecraft:iron_nugget":8,"minecraft:mossy_stone_bricks":3,"minecraft:iron_pickaxe":2,"minecraft:moss_block":8,"minecraft:chest":1,"minecraft:furnace":1,"minecraft:stick":39,"minecraft:torch":28,"minecraft:spruce_sapling":6,"minecraft:diorite":24,"minecraft:spider_eye":1,"minecraft:spruce_log":21,"minecraft:spruce_door":1,"minecraft:rotten_flesh":4,"supplementaries:antique_ink":2,"supplementaries:ash":21,"alexsmobs:maggot":2,"minecraft:oak_sapling":2,"minecraft:light_gray_carpet":3,"minecraft:glow_berries":2,"minecraft:dark_oak_fence":1,"minecraft:iron_bars":2,"minecraft:rail":13,"minecraft:cobblestone":273},"minecraft:killed":{"minecraft:cave_spider":1,"minecraft:spider":2,"alexsmobs:snow_leopard":1,"minecraft:creeper":1,"minecraft:zombie":4,"alexsmobs:bison":1,"minecraft:cow":3},"minecraft:mined":{"minecraft:deepslate_redstone_ore":1,"minecraft:light_gray_carpet":2,"minecraft:mossy_cobblestone":1,"minecraft:red_bed":1,"minecraft:spruce_door":1,"minecraft:brewing_stand":1,"minecraft:clay":6,"minecraft:crafting_table":1,"minecraft:cave_vines_plant":1,"minecraft:dark_oak_fence":1,"minecraft:grass_block":14,"minecraft:chest":1,"minecraft:cobblestone":1,"minecraft:copper_ore":45,"minecraft:tall_grass":1,"minecraft:lapis_ore":8,"minecraft:spruce_leaves":1,"minecraft:moss_block":10,"minecraft:diorite":24,"supplementaries:urn":17,"minecraft:redstone_ore":4,"minecraft:furnace":1,"evilcraft:dark_ore_deepslate":2,"minecraft:iron_ore":68,"minecraft:birch_log":1,"minecraft:redstone_torch":3,"minecraft:white_carpet":9,"minecraft:spruce_log":22,"minecraft:andesite":3,"minecraft:deepslate_lapis_ore":1,"evilcraft:dark_ore":8,"minecraft:grass":3,"minecraft:cave_vines":1,"minecraft:coal_ore":132,"minecraft:deepslate_iron_ore":21,"minecraft:rail":13,"minecraft:iron_bars":2,"minecraft:cobweb":19,"minecraft:cracked_stone_bricks":3,"minecraft:gold_ore":9,"minecraft:stone_bricks":34,"minecraft:stone":275,"minecraft:mossy_stone_bricks":3},"minecraft:broken":{"minecraft:stone_pickaxe":3,"minecraft:iron_pickaxe":1}},"DataVersion":3465}