{"stats":{"minecraft:used":{"minecraft:spruce_door":2,"minecraft:stone_pickaxe":393,"minecraft:light_gray_carpet":2,"minecraft:shield":1,"minecraft:spruce_planks":64,"minecraft:chest":2,"minecraft:torch":172,"minecraft:glow_berries":5,"anthropology_items__structures:hunters_machete":10,"minecraft:dirt":16,"minecraft:crafting_table":2,"minecraft:red_bed":1,"moonsweaponry:golden_greatsword":51,"minecraft:apple":3,"minecraft:iron_pickaxe":469,"minecraft:spruce_sapling":6,"minecraft:stone_bricks":23,"minecraft:stone_axe":42,"minecraft:cobblestone":298,"minecraft:furnace":1,"alexsmobs:animal_dictionary":1,"minecraft:cooked_beef":12,"minecraft:splash_potion":1},"minecraft:crafted":{"minecraft:cooked_beef":12,"evilcraft:dark_spike":8,"minecraft:oak_planks":20,"minecraft:crafting_table":2,"moonsweaponry:golden_greatsword":1,"minecraft:spruce_planks":84,"minecraft:iron_helmet":1,"minecraft:spruce_door":3,"minecraft:furnace":1,"minecraft:birch_planks":4,"minecraft:stone_axe":1,"minecraft:air":0,"evilcraft:dark_block":1,"minecraft:iron_boots":1,"minecraft:iron_chestplate":1,"minecraft:shield":1,"minecraft:stick":12,"minecraft:iron_ingot":49,"minecraft:iron_pickaxe":2,"minecraft:stone_pickaxe":3,"minecraft:iron_leggings":1,"minecraft:chest":1,"minecraft:gold_ingot":29,"minecraft:torch":144},"minecraft:dropped":{"minecraft:iron_pickaxe":2},"minecraft:custom":{"minecraft:interact_with_furnace":23,"minecraft:mob_kills":15,"minecraft:interact_with_crafting_table":18,"minecraft:leave_game":1,"minecraft:time_since_death":93281,"minecraft:sleep_in_bed":4,"minecraft:climb_one_cm":1235,"minecraft:time_since_rest":57134,"minecraft:sprint_one_cm":289754,"minecraft:damage_taken":1624,"minecraft:walk_one_cm":259977,"minecraft:damage_blocked_by_shield":25,"minecraft:drop":2,"minecraft:damage_dealt":2860,"minecraft:swim_one_cm":15097,"minecraft:talked_to_villager":8,"minecraft:fly_one_cm":331323,"minecraft:open_chest":39,"minecraft:crouch_one_cm":16245,"minecraft:play_time":111804,"minecraft:deaths":2,"minecraft:sneak_time":3518,"minecraft:walk_under_water_one_cm":19920,"minecraft:jump":1531,"minecraft:interact_with_brewingstand":3,"minecraft:walk_on_water_one_cm":4955,"minecraft:total_world_time":111804,"minecraft:fall_one_cm":38223},"minecraft:killed_by":{"minecraft:player":1,"alexsmobs:tusklin":1},"minecraft:picked_up":{"minecraft:birch_log":1,"minecraft:crafting_table":1,"minecraft:clay_ball":24,"minecraft:andesite":93,"minecraft:leather":4,"minecraft:gold_block":9,"alexsmobs:bison_fur":2,"minecraft:oak_log":5,"supplementaries:flax_seeds":3,"minecraft:brewing_stand":1,"minecraft:lapis_lazuli":5,"minecraft:string":20,"minecraft:dirt":16,"minecraft:red_bed":1,"minecraft:white_carpet":9,"minecraft:bone":18,"minecraft:stone_bricks":36,"minecraft:cracked_stone_bricks":3,"minecraft:wheat_seeds":2,"minecraft:gold_nugget":29,"minecraft:cobbled_deepslate":2,"minecraft:beef":19,"minecraft:redstone_torch":3,"minecraft:iron_nugget":8,"minecraft:mossy_stone_bricks":5,"minecraft:iron_pickaxe":2,"minecraft:moss_block":8,"minecraft:chest":1,"minecraft:furnace":1,"minecraft:stick":39,"minecraft:torch":28,"minecraft:spruce_sapling":6,"minecraft:diorite":24,"minecraft:spider_eye":1,"minecraft:spruce_log":21,"minecraft:spruce_door":1,"minecraft:arrow":1,"minecraft:slime_ball":1,"minecraft:rotten_flesh":4,"supplementaries:antique_ink":2,"supplementaries:ash":27,"alexsmobs:maggot":2,"minecraft:oak_sapling":2,"minecraft:light_gray_carpet":3,"minecraft:glow_berries":2,"minecraft:dark_oak_fence":1,"minecraft:iron_bars":2,"minecraft:rail":13,"minecraft:cobblestone":329},"minecraft:killed":{"minecraft:cave_spider":1,"minecraft:spider":2,"alexsmobs:snow_leopard":1,"minecraft:slime":1,"minecraft:creeper":1,"minecraft:skeleton":1,"minecraft:zombie":4,"alexsmobs:bison":1,"minecraft:cow":3},"minecraft:mined":{"minecraft:deepslate_redstone_ore":8,"minecraft:light_gray_carpet":2,"minecraft:mossy_cobblestone":1,"minecraft:red_bed":1,"minecraft:spruce_door":1,"minecraft:brewing_stand":1,"minecraft:clay":6,"minecraft:crafting_table":1,"minecraft:cave_vines_plant":1,"minecraft:dark_oak_fence":1,"minecraft:grass_block":14,"minecraft:chest":1,"minecraft:cobblestone":3,"minecraft:copper_ore":45,"minecraft:tall_grass":1,"minecraft:deepslate_gold_ore":11,"minecraft:lapis_ore":8,"minecraft:spruce_leaves":1,"minecraft:moss_block":10,"minecraft:diorite":24,"supplementaries:urn":19,"minecraft:redstone_ore":4,"minecraft:furnace":1,"evilcraft:dark_ore_deepslate":2,"minecraft:iron_ore":76,"minecraft:birch_log":1,"minecraft:redstone_torch":3,"minecraft:white_carpet":9,"minecraft:spruce_log":22,"minecraft:andesite":93,"minecraft:deepslate_lapis_ore":1,"evilcraft:dark_ore":8,"minecraft:grass":45,"minecraft:cave_vines":1,"minecraft:coal_ore":132,"minecraft:deepslate_iron_ore":25,"minecraft:rail":13,"minecraft:iron_bars":2,"minecraft:dirt":4,"minecraft:cobweb":19,"minecraft:cracked_stone_bricks":3,"minecraft:deepslate":2,"minecraft:gold_ore":9,"minecraft:stone_bricks":36,"minecraft:stone":329,"minecraft:mossy_stone_bricks":5},"minecraft:broken":{"minecraft:stone_pickaxe":3,"minecraft:iron_pickaxe":2}},"DataVersion":3465}