{"stats":{"minecraft:used":{"minecraft:spruce_door":2,"minecraft:stone_pickaxe":69,"minecraft:light_gray_carpet":2,"minecraft:chest":2,"minecraft:torch":21,"anthropology_items__structures:hunters_machete":10,"minecraft:dirt":12,"minecraft:crafting_table":2,"minecraft:red_bed":1,"moonsweaponry:golden_greatsword":33,"minecraft:apple":3,"minecraft:iron_pickaxe":75,"minecraft:spruce_sapling":6,"minecraft:stone_bricks":15,"minecraft:stone_axe":42,"minecraft:furnace":1,"alexsmobs:animal_dictionary":1,"minecraft:cooked_beef":5,"minecraft:splash_potion":1},"minecraft:crafted":{"minecraft:cooked_beef":12,"minecraft:oak_planks":20,"minecraft:crafting_table":2,"moonsweaponry:golden_greatsword":1,"minecraft:spruce_planks":84,"minecraft:spruce_door":3,"minecraft:furnace":1,"minecraft:birch_planks":4,"minecraft:stone_axe":1,"minecraft:air":0,"minecraft:stick":8,"minecraft:stone_pickaxe":1,"minecraft:chest":1,"minecraft:gold_ingot":9,"minecraft:torch":48},"minecraft:dropped":{"minecraft:iron_pickaxe":1},"minecraft:custom":{"minecraft:interact_with_furnace":8,"minecraft:mob_kills":7,"minecraft:interact_with_crafting_table":7,"minecraft:time_since_death":25553,"minecraft:sleep_in_bed":3,"minecraft:climb_one_cm":748,"minecraft:time_since_rest":3273,"minecraft:sprint_one_cm":148403,"minecraft:damage_taken":1115,"minecraft:walk_one_cm":99059,"minecraft:drop":1,"minecraft:damage_dealt":1735,"minecraft:swim_one_cm":8505,"minecraft:talked_to_villager":8,"minecraft:fly_one_cm":168666,"minecraft:open_chest":13,"minecraft:crouch_one_cm":1258,"minecraft:play_time":44076,"minecraft:deaths":2,"minecraft:sneak_time":572,"minecraft:walk_under_water_one_cm":15395,"minecraft:jump":692,"minecraft:interact_with_brewingstand":3,"minecraft:walk_on_water_one_cm":1206,"minecraft:total_world_time":44076,"minecraft:fall_one_cm":20140},"minecraft:killed_by":{"minecraft:player":1,"alexsmobs:tusklin":1},"minecraft:picked_up":{"minecraft:birch_log":1,"minecraft:crafting_table":1,"minecraft:leather":4,"minecraft:gold_block":9,"alexsmobs:bison_fur":2,"minecraft:oak_log":5,"minecraft:brewing_stand":1,"minecraft:string":19,"minecraft:dirt":12,"minecraft:red_bed":1,"minecraft:white_carpet":9,"minecraft:stone_bricks":33,"minecraft:cracked_stone_bricks":3,"minecraft:beef":19,"minecraft:redstone_torch":3,"minecraft:mossy_stone_bricks":3,"minecraft:iron_pickaxe":1,"minecraft:chest":1,"minecraft:furnace":1,"minecraft:stick":39,"minecraft:spruce_sapling":6,"minecraft:spruce_log":21,"minecraft:spruce_door":1,"minecraft:rotten_flesh":1,"alexsmobs:maggot":2,"minecraft:oak_sapling":2,"minecraft:light_gray_carpet":2,"minecraft:dark_oak_fence":1,"minecraft:iron_bars":2,"minecraft:rail":13,"minecraft:cobblestone":25},"minecraft:killed":{"minecraft:cave_spider":1,"alexsmobs:snow_leopard":1,"minecraft:zombie":1,"alexsmobs:bison":1,"minecraft:cow":3},"minecraft:mined":{"minecraft:light_gray_carpet":2,"minecraft:mossy_cobblestone":1,"minecraft:red_bed":1,"minecraft:spruce_door":1,"minecraft:brewing_stand":1,"minecraft:crafting_table":1,"minecraft:dark_oak_fence":1,"minecraft:grass_block":14,"minecraft:chest":1,"minecraft:copper_ore":17,"minecraft:tall_grass":1,"minecraft:spruce_leaves":1,"minecraft:furnace":1,"minecraft:birch_log":1,"minecraft:redstone_torch":3,"minecraft:white_carpet":9,"minecraft:spruce_log":22,"minecraft:grass":1,"minecraft:coal_ore":39,"minecraft:rail":13,"minecraft:iron_bars":2,"minecraft:cobweb":19,"minecraft:cracked_stone_bricks":3,"minecraft:stone_bricks":33,"minecraft:stone":30,"minecraft:mossy_stone_bricks":3}},"DataVersion":3465}