{"stats":{"minecraft:crafted":{"minecraft:oak_planks":132,"minecraft:stone_shovel":3,"minecraft:crafting_table":3,"minecraft:wooden_pickaxe":2,"minecraft:furnace":1,"minecraft:stone":23,"minecraft:golden_shovel":4,"minecraft:birch_planks":28,"minecraft:stone_axe":4,"minecraft:bread":42,"minecraft:stone_pickaxe":2,"minecraft:wooden_axe":1,"minecraft:stone_sword":1,"minecraft:chest":2,"minecraft:iron_shovel":4,"minecraft:gold_ingot":9,"minecraft:stonecutter":1,"minecraft:stone_bricks":20,"minecraft:wheat":126},"minecraft:used":{"minecraft:stone_sword":1,"minecraft:iron_shovel":953,"minecraft:stone_pickaxe":159,"minecraft:stone_shovel":392,"minecraft:oak_planks":11,"minecraft:wooden_pickaxe":59,"minecraft:chest":2,"minecraft:stonecutter":1,"minecraft:stick":1,"minecraft:dirt":258,"minecraft:crafting_table":4,"minecraft:white_bed":1,"minecraft:golden_shovel":129,"minecraft:oak_log":52,"minecraft:wooden_axe":67,"minecraft:apple":11,"minecraft:bread":2,"evilcraft:flesh_humanoid":1,"minecraft:stone_bricks":25,"minecraft:stone_axe":492,"minecraft:furnace":2,"alexsmobs:animal_dictionary":1,"alexscaves:flytrap":1},"minecraft:custom":{"minecraft:interact_with_furnace":6,"minecraft:mob_kills":3,"minecraft:interact_with_crafting_table":30,"minecraft:open_barrel":1,"minecraft:interact_with_stonecutter":2,"minecraft:leave_game":2,"minecraft:time_since_death":2475,"minecraft:sleep_in_bed":6,"minecraft:time_since_rest":2503,"minecraft:sprint_one_cm":195120,"minecraft:damage_taken":2025,"minecraft:walk_one_cm":385294,"minecraft:drop":33,"minecraft:damage_dealt":315,"minecraft:fly_one_cm":64140,"minecraft:player_kills":1,"minecraft:open_chest":27,"minecraft:crouch_one_cm":33,"minecraft:play_time":109442,"minecraft:deaths":6,"minecraft:sneak_time":118,"minecraft:walk_under_water_one_cm":2696,"minecraft:jump":722,"minecraft:interact_with_blast_furnace":1,"minecraft:walk_on_water_one_cm":3740,"minecraft:total_world_time":109442,"minecraft:fall_one_cm":26814},"minecraft:dropped":{"minecraft:bread":10,"alexsmobs:animal_dictionary":2,"minecraft:oak_fence":1,"minecraft:apple":5,"minecraft:gold_block":13,"minecraft:iron_bars":2,"minecraft:egg":1},"minecraft:killed_by":{"minecraft:enderman":1},"minecraft:picked_up":{"minecraft:birch_log":62,"minecraft:crafting_table":1,"minecraft:andesite":1,"minecraft:brown_wool":1,"minecraft:gold_block":43,"minecraft:flint":1,"evilcraft:flesh_humanoid":1,"minecraft:oak_log":303,"minecraft:dirt":1472,"minecraft:apple":16,"minecraft:stone_bricks":11,"minecraft:iron_ingot":9,"minecraft:birch_sapling":20,"alexscaves:flytrap":1,"minecraft:furnace":1,"minecraft:egg":1,"minecraft:stick":101,"minecraft:oak_fence":2,"minecraft:torch":1,"minecraft:diorite":31,"minecraft:white_bed":1,"alexsmobs:animal_dictionary":1,"minecraft:rotten_flesh":1,"minecraft:hay_block":14,"minecraft:oak_sapling":125,"minecraft:mutton":5,"minecraft:iron_bars":4,"minecraft:cobblestone":111,"minecraft:white_wool":2},"minecraft:killed":{"minecraft:sheep":3},"minecraft:mined":{"minecraft:white_bed":1,"minecraft:oak_fence":1,"minecraft:crafting_table":1,"alexscaves:flytrap":1,"minecraft:grass_block":686,"minecraft:diorite":33,"minecraft:hay_block":14,"minecraft:furnace":1,"minecraft:birch_log":66,"minecraft:andesite":2,"minecraft:birch_leaves":10,"evilcraft:dark_ore":1,"minecraft:grass":5,"minecraft:coal_ore":51,"minecraft:oak_log":340,"minecraft:iron_bars":2,"minecraft:gravel":1,"minecraft:dirt":806,"minecraft:stone_bricks":11,"minecraft:stone":116,"minecraft:oak_leaves":37},"minecraft:broken":{"minecraft:stone_pickaxe":1,"minecraft:iron_shovel":3,"minecraft:stone_axe":3,"minecraft:wooden_axe":1,"minecraft:golden_shovel":4,"minecraft:stone_shovel":3,"minecraft:wooden_pickaxe":1}},"DataVersion":3465}