{"stats":{"minecraft:used":{"minecraft:stone_sword":31,"minecraft:iron_shovel":953,"minecraft:stone_pickaxe":175,"minecraft:stone_shovel":392,"minecraft:oak_planks":146,"minecraft:chest":2,"minecraft:wooden_pickaxe":59,"minecraft:stonecutter":1,"minecraft:spruce_fence_gate":40,"minecraft:stick":1,"minecraft:dirt":290,"minecraft:oak_slab":112,"minecraft:crafting_table":5,"minecraft:white_bed":1,"minecraft:golden_shovel":129,"minecraft:spruce_log":95,"minecraft:oak_fence_gate":1,"minecraft:oak_log":89,"minecraft:wooden_axe":152,"minecraft:apple":11,"minecraft:iron_axe":380,"minecraft:oak_stairs":14,"minecraft:bread":8,"minecraft:stone_axe":585,"evilcraft:flesh_humanoid":1,"minecraft:stone_bricks":26,"minecraft:furnace":2,"alexsmobs:animal_dictionary":1,"alexscaves:flytrap":1},"minecraft:crafted":{"minecraft:oak_slab":132,"minecraft:oak_planks":264,"minecraft:stone_shovel":3,"minecraft:crafting_table":3,"minecraft:spruce_planks":144,"minecraft:wooden_pickaxe":2,"minecraft:furnace":1,"minecraft:stone":23,"minecraft:golden_shovel":4,"minecraft:birch_planks":28,"minecraft:stone_axe":4,"minecraft:bread":42,"minecraft:oak_fence_gate":2,"minecraft:iron_axe":3,"minecraft:stick":112,"minecraft:wooden_axe":3,"minecraft:stone_pickaxe":2,"minecraft:oak_stairs":16,"minecraft:stone_sword":1,"minecraft:chest":2,"minecraft:iron_shovel":4,"minecraft:gold_ingot":9,"minecraft:stonecutter":1,"minecraft:spruce_fence_gate":33,"minecraft:torch":36,"minecraft:stone_bricks":20,"minecraft:wheat":126},"minecraft:custom":{"minecraft:interact_with_furnace":9,"minecraft:mob_kills":6,"minecraft:interact_with_crafting_table":45,"minecraft:open_barrel":1,"minecraft:interact_with_stonecutter":2,"minecraft:leave_game":4,"minecraft:time_since_death":22082,"minecraft:sleep_in_bed":9,"minecraft:time_since_rest":7486,"minecraft:sprint_one_cm":309358,"minecraft:damage_taken":3000,"minecraft:walk_one_cm":544644,"minecraft:drop":39,"minecraft:damage_dealt":757,"minecraft:swim_one_cm":5643,"minecraft:player_kills":1,"minecraft:fly_one_cm":78644,"minecraft:open_chest":36,"minecraft:play_time":164457,"minecraft:crouch_one_cm":1732,"minecraft:deaths":9,"minecraft:sneak_time":1150,"minecraft:walk_under_water_one_cm":5057,"minecraft:jump":920,"minecraft:interact_with_blast_furnace":1,"minecraft:walk_on_water_one_cm":6772,"minecraft:total_world_time":164457,"minecraft:fall_one_cm":33739},"minecraft:dropped":{"minecraft:bread":10,"alexsmobs:animal_dictionary":2,"minecraft:oak_fence":1,"minecraft:rotten_flesh":3,"minecraft:apple":5,"minecraft:gold_block":13,"minecraft:oak_fence_gate":2,"supplementaries:ash":2,"minecraft:iron_bars":2,"minecraft:egg":1},"minecraft:killed_by":{"alexsmobs:crocodile":2,"minecraft:enderman":1},"minecraft:picked_up":{"minecraft:stripped_oak_log":62,"minecraft:birch_log":62,"minecraft:crafting_table":2,"minecraft:andesite":1,"minecraft:brown_wool":1,"minecraft:oak_stairs":2,"minecraft:gold_block":43,"minecraft:flint":1,"minecraft:oak_log":304,"evilcraft:flesh_humanoid":1,"minecraft:dirt":1476,"minecraft:apple":16,"minecraft:stone_bricks":12,"minecraft:iron_ingot":9,"minecraft:oak_fence_gate":1,"minecraft:birch_sapling":20,"minecraft:oak_planks":117,"alexscaves:flytrap":1,"minecraft:furnace":1,"minecraft:egg":1,"minecraft:oak_slab":1,"minecraft:stick":116,"minecraft:oak_fence":2,"minecraft:torch":1,"minecraft:spruce_sapling":26,"minecraft:diorite":31,"minecraft:white_bed":1,"minecraft:spruce_log":173,"alexsmobs:animal_dictionary":1,"minecraft:spruce_fence_gate":7,"minecraft:rotten_flesh":8,"minecraft:hay_block":14,"supplementaries:ash":6,"minecraft:oak_sapling":125,"minecraft:mutton":5,"minecraft:iron_bars":4,"minecraft:white_wool":2,"minecraft:cobblestone":115},"minecraft:killed":{"alexsmobs:tasmanian_devil":1,"minecraft:sheep":3},"minecraft:mined":{"minecraft:oak_slab":2,"minecraft:white_bed":1,"minecraft:oak_fence":1,"minecraft:crafting_table":2,"alexscaves:flytrap":1,"minecraft:grass_block":687,"minecraft:spruce_leaves":13,"minecraft:oak_planks":117,"minecraft:diorite":33,"minecraft:hay_block":14,"minecraft:furnace":1,"minecraft:birch_log":66,"minecraft:spruce_log":188,"minecraft:birch_leaves":10,"minecraft:andesite":2,"evilcraft:dark_ore":1,"minecraft:grass":6,"minecraft:oak_log":341,"minecraft:coal_ore":51,"minecraft:oak_fence_gate":1,"minecraft:oak_stairs":2,"minecraft:iron_bars":2,"minecraft:gravel":2,"minecraft:dirt":809,"minecraft:stripped_oak_log":87,"minecraft:spruce_fence_gate":7,"minecraft:stone":121,"minecraft:stone_bricks":12,"minecraft:oak_leaves":37,"minecraft:fern":1},"minecraft:broken":{"minecraft:stone_pickaxe":1,"minecraft:iron_shovel":3,"minecraft:iron_axe":1,"minecraft:stone_axe":4,"minecraft:wooden_axe":2,"minecraft:golden_shovel":4,"minecraft:stone_shovel":3,"minecraft:wooden_pickaxe":1}},"DataVersion":3465}