{"stats":{"minecraft:crafted":{"minecraft:oak_planks":132,"minecraft:crafting_table":2,"minecraft:wooden_pickaxe":2,"minecraft:wooden_axe":1,"minecraft:chest":2,"minecraft:birch_planks":28,"minecraft:bread":42,"minecraft:wheat":126},"minecraft:used":{"minecraft:wooden_axe":67,"minecraft:bread":2,"minecraft:chest":2,"minecraft:wooden_pickaxe":19,"minecraft:stick":1,"minecraft:crafting_table":3,"minecraft:white_bed":1,"alexsmobs:animal_dictionary":1,"alexscaves:flytrap":1},"minecraft:custom":{"minecraft:time_since_rest":10901,"minecraft:sprint_one_cm":76185,"minecraft:damage_taken":1050,"minecraft:walk_one_cm":65560,"minecraft:mob_kills":3,"minecraft:drop":13,"minecraft:damage_dealt":267,"minecraft:interact_with_crafting_table":5,"minecraft:fly_one_cm":47177,"minecraft:open_barrel":1,"minecraft:open_chest":9,"minecraft:play_time":22838,"minecraft:deaths":3,"minecraft:walk_under_water_one_cm":2696,"minecraft:jump":335,"minecraft:interact_with_blast_furnace":1,"minecraft:leave_game":1,"minecraft:walk_on_water_one_cm":3507,"minecraft:time_since_death":13816,"minecraft:sleep_in_bed":1,"minecraft:total_world_time":22838,"minecraft:fall_one_cm":12827},"minecraft:dropped":{"minecraft:gold_block":13},"minecraft:picked_up":{"minecraft:birch_log":18,"minecraft:stick":14,"minecraft:crafting_table":1,"minecraft:brown_wool":1,"minecraft:oak_fence":1,"minecraft:torch":1,"minecraft:gold_block":13,"minecraft:oak_log":33,"minecraft:white_bed":1,"minecraft:dirt":1,"minecraft:apple":2,"minecraft:hay_block":14,"minecraft:cobblestone":16,"minecraft:oak_sapling":11,"minecraft:birch_sapling":6,"minecraft:mutton":5,"minecraft:iron_bars":2,"alexscaves:flytrap":1,"minecraft:white_wool":2,"minecraft:egg":1},"minecraft:killed":{"minecraft:sheep":3},"minecraft:broken":{"minecraft:wooden_axe":1},"minecraft:mined":{"minecraft:hay_block":14,"minecraft:white_bed":1,"minecraft:birch_log":18,"minecraft:birch_leaves":3,"minecraft:oak_fence":1,"minecraft:crafting_table":1,"alexscaves:flytrap":1,"minecraft:grass":2,"minecraft:grass_block":1,"minecraft:oak_log":46,"minecraft:iron_bars":2,"minecraft:stone":16,"minecraft:oak_leaves":4}},"DataVersion":3465}