{"stats":{"minecraft:crafted":{"minecraft:oak_planks":132,"minecraft:stone_shovel":3,"minecraft:crafting_table":2,"minecraft:wooden_pickaxe":2,"minecraft:wooden_axe":1,"minecraft:chest":2,"minecraft:gold_ingot":9,"minecraft:golden_shovel":4,"minecraft:birch_planks":28,"minecraft:stone_axe":3,"minecraft:bread":42,"minecraft:wheat":126},"minecraft:used":{"minecraft:wooden_axe":67,"minecraft:apple":3,"minecraft:stone_shovel":392,"minecraft:bread":2,"minecraft:chest":2,"minecraft:wooden_pickaxe":27,"minecraft:stone_axe":435,"minecraft:stick":1,"minecraft:dirt":91,"minecraft:crafting_table":3,"alexsmobs:animal_dictionary":1,"minecraft:white_bed":1,"minecraft:golden_shovel":129,"alexscaves:flytrap":1},"minecraft:custom":{"minecraft:time_since_rest":8688,"minecraft:sprint_one_cm":111514,"minecraft:damage_taken":1100,"minecraft:walk_one_cm":189033,"minecraft:mob_kills":3,"minecraft:drop":28,"minecraft:damage_dealt":291,"minecraft:player_kills":1,"minecraft:interact_with_crafting_table":15,"minecraft:fly_one_cm":50873,"minecraft:open_barrel":1,"minecraft:open_chest":13,"minecraft:play_time":50203,"minecraft:deaths":3,"minecraft:walk_under_water_one_cm":2696,"minecraft:jump":470,"minecraft:interact_with_blast_furnace":1,"minecraft:leave_game":1,"minecraft:time_since_death":41181,"minecraft:walk_on_water_one_cm":3507,"minecraft:sleep_in_bed":5,"minecraft:total_world_time":50203,"minecraft:fall_one_cm":13872},"minecraft:dropped":{"minecraft:gold_block":13,"minecraft:bread":10,"minecraft:apple":5},"minecraft:picked_up":{"minecraft:birch_log":62,"minecraft:stick":101,"minecraft:crafting_table":1,"minecraft:brown_wool":1,"minecraft:oak_fence":1,"minecraft:torch":1,"minecraft:gold_block":43,"minecraft:flint":1,"minecraft:oak_log":302,"minecraft:white_bed":1,"minecraft:dirt":517,"minecraft:apple":16,"minecraft:hay_block":14,"minecraft:iron_ingot":2,"minecraft:oak_sapling":125,"minecraft:mutton":5,"minecraft:birch_sapling":20,"minecraft:iron_bars":2,"minecraft:cobblestone":24,"minecraft:white_wool":2,"alexscaves:flytrap":1,"minecraft:egg":1},"minecraft:killed":{"minecraft:sheep":3},"minecraft:broken":{"minecraft:wooden_axe":1,"minecraft:golden_shovel":4,"minecraft:stone_shovel":3,"minecraft:stone_axe":2},"minecraft:mined":{"minecraft:hay_block":14,"minecraft:white_bed":1,"minecraft:birch_log":66,"minecraft:birch_leaves":10,"minecraft:oak_fence":1,"minecraft:crafting_table":1,"alexscaves:flytrap":1,"minecraft:grass":4,"minecraft:grass_block":215,"minecraft:oak_log":339,"minecraft:iron_bars":2,"minecraft:gravel":1,"minecraft:dirt":306,"minecraft:stone":24,"minecraft:oak_leaves":37}},"DataVersion":3465}