{"stats":{"minecraft:crafted":{"minecraft:oak_planks":148,"minecraft:stone_shovel":3,"minecraft:crafting_table":3,"minecraft:spruce_planks":144,"minecraft:wooden_pickaxe":2,"minecraft:furnace":1,"minecraft:stone":23,"minecraft:golden_shovel":4,"minecraft:birch_planks":28,"minecraft:stone_axe":4,"minecraft:bread":42,"minecraft:oak_fence_gate":2,"minecraft:iron_axe":1,"minecraft:stick":112,"minecraft:wooden_axe":1,"minecraft:stone_pickaxe":2,"minecraft:oak_stairs":16,"minecraft:stone_sword":1,"minecraft:chest":2,"minecraft:iron_shovel":4,"minecraft:gold_ingot":9,"minecraft:stonecutter":1,"minecraft:spruce_fence_gate":33,"minecraft:stone_bricks":20,"minecraft:wheat":126},"minecraft:used":{"minecraft:stone_sword":31,"minecraft:iron_shovel":953,"minecraft:stone_pickaxe":169,"minecraft:stone_shovel":392,"minecraft:oak_planks":30,"minecraft:chest":2,"minecraft:wooden_pickaxe":59,"minecraft:stonecutter":1,"minecraft:spruce_fence_gate":40,"minecraft:stick":1,"minecraft:dirt":284,"minecraft:crafting_table":5,"minecraft:white_bed":1,"minecraft:golden_shovel":129,"minecraft:spruce_log":51,"minecraft:oak_fence_gate":1,"minecraft:oak_log":89,"minecraft:wooden_axe":67,"minecraft:apple":11,"minecraft:iron_axe":232,"minecraft:oak_stairs":14,"minecraft:bread":7,"minecraft:stone_axe":585,"evilcraft:flesh_humanoid":1,"minecraft:stone_bricks":26,"minecraft:furnace":2,"alexsmobs:animal_dictionary":1,"alexscaves:flytrap":1},"minecraft:custom":{"minecraft:interact_with_furnace":7,"minecraft:mob_kills":6,"minecraft:interact_with_crafting_table":40,"minecraft:open_barrel":1,"minecraft:interact_with_stonecutter":2,"minecraft:leave_game":3,"minecraft:time_since_death":6759,"minecraft:sleep_in_bed":7,"minecraft:time_since_rest":6789,"minecraft:sprint_one_cm":283165,"minecraft:damage_taken":2760,"minecraft:walk_one_cm":483971,"minecraft:drop":39,"minecraft:damage_dealt":757,"minecraft:swim_one_cm":5643,"minecraft:player_kills":1,"minecraft:fly_one_cm":78522,"minecraft:open_chest":35,"minecraft:play_time":141773,"minecraft:crouch_one_cm":33,"minecraft:deaths":8,"minecraft:sneak_time":118,"minecraft:walk_under_water_one_cm":3953,"minecraft:jump":910,"minecraft:interact_with_blast_furnace":1,"minecraft:walk_on_water_one_cm":6772,"minecraft:total_world_time":141773,"minecraft:fall_one_cm":32399},"minecraft:dropped":{"minecraft:bread":10,"alexsmobs:animal_dictionary":2,"minecraft:oak_fence":1,"minecraft:rotten_flesh":3,"minecraft:apple":5,"minecraft:gold_block":13,"minecraft:oak_fence_gate":2,"supplementaries:ash":2,"minecraft:iron_bars":2,"minecraft:egg":1},"minecraft:killed_by":{"alexsmobs:crocodile":2,"minecraft:enderman":1},"minecraft:picked_up":{"minecraft:stripped_oak_log":30,"minecraft:birch_log":62,"minecraft:crafting_table":2,"minecraft:andesite":1,"minecraft:brown_wool":1,"minecraft:oak_stairs":2,"minecraft:gold_block":43,"minecraft:flint":1,"minecraft:oak_log":304,"evilcraft:flesh_humanoid":1,"minecraft:dirt":1476,"minecraft:apple":16,"minecraft:stone_bricks":12,"minecraft:iron_ingot":9,"minecraft:oak_fence_gate":1,"minecraft:birch_sapling":20,"alexscaves:flytrap":1,"minecraft:furnace":1,"minecraft:egg":1,"minecraft:stick":116,"minecraft:oak_fence":2,"minecraft:torch":1,"minecraft:spruce_sapling":26,"minecraft:diorite":31,"minecraft:white_bed":1,"minecraft:spruce_log":173,"alexsmobs:animal_dictionary":1,"minecraft:spruce_fence_gate":7,"minecraft:rotten_flesh":4,"minecraft:hay_block":14,"supplementaries:ash":5,"minecraft:oak_sapling":125,"minecraft:mutton":5,"minecraft:iron_bars":4,"minecraft:white_wool":2,"minecraft:cobblestone":111},"minecraft:killed":{"alexsmobs:tasmanian_devil":1,"minecraft:sheep":3},"minecraft:mined":{"minecraft:white_bed":1,"minecraft:oak_fence":1,"minecraft:crafting_table":2,"alexscaves:flytrap":1,"minecraft:grass_block":687,"minecraft:spruce_leaves":13,"minecraft:diorite":33,"minecraft:hay_block":14,"minecraft:furnace":1,"minecraft:birch_log":66,"minecraft:spruce_log":188,"minecraft:birch_leaves":10,"minecraft:andesite":2,"evilcraft:dark_ore":1,"minecraft:grass":6,"minecraft:oak_log":341,"minecraft:coal_ore":51,"minecraft:oak_fence_gate":1,"minecraft:oak_stairs":2,"minecraft:iron_bars":2,"minecraft:gravel":1,"minecraft:dirt":809,"minecraft:stripped_oak_log":54,"minecraft:spruce_fence_gate":7,"minecraft:stone":116,"minecraft:stone_bricks":12,"minecraft:oak_leaves":37,"minecraft:fern":1},"minecraft:broken":{"minecraft:stone_pickaxe":1,"minecraft:iron_shovel":3,"minecraft:stone_axe":4,"minecraft:wooden_axe":1,"minecraft:golden_shovel":4,"minecraft:stone_shovel":3,"minecraft:wooden_pickaxe":1}},"DataVersion":3465}