{"stats":{"minecraft:crafted":{"minecraft:oak_planks":396,"minecraft:stone_shovel":3,"minecraft:stone_brick_wall":16,"minecraft:furnace":1,"minecraft:stone":80,"minecraft:bone_meal":15,"minecraft:spruce_fence":6,"minecraft:flint_and_steel":1,"minecraft:glass_pane":32,"minecraft:glass":50,"minecraft:iron_boots":1,"minecraft:spruce_stairs":124,"minecraft:iron_axe":4,"minecraft:spruce_slab":6,"minecraft:stone_pickaxe":2,"minecraft:chest":2,"minecraft:stone_bricks":20,"minecraft:wheat":585,"minecraft:oak_slab":132,"minecraft:wooden_shovel":1,"minecraft:crafting_table":4,"minecraft:iron_helmet":1,"minecraft:spruce_planks":580,"minecraft:wooden_pickaxe":2,"minecraft:iron_sword":1,"minecraft:spruce_door":3,"minecraft:golden_shovel":4,"minecraft:birch_planks":28,"minecraft:stone_axe":4,"minecraft:bread":195,"minecraft:oak_fence_gate":2,"minecraft:spruce_trapdoor":50,"minecraft:wooden_hoe":1,"minecraft:stick":160,"minecraft:iron_pickaxe":4,"minecraft:oak_stairs":112,"minecraft:wooden_axe":5,"minecraft:stone_sword":1,"minecraft:iron_leggings":1,"minecraft:iron_shovel":4,"minecraft:gold_ingot":9,"minecraft:stonecutter":1,"minecraft:spruce_fence_gate":42,"minecraft:torch":36},"minecraft:used":{"minecraft:oak_fence":79,"minecraft:cherry_sapling":9,"minecraft:stone_sword":57,"minecraft:iron_shovel":953,"minecraft:flint_and_steel":42,"minecraft:armor_stand":7,"minecraft:spruce_slab":17,"minecraft:stone_shovel":392,"minecraft:ladder":6,"minecraft:decorated_pot":2,"minecraft:chest":20,"minecraft:spruce_planks":178,"minecraft:shield":9,"minecraft:wooden_shovel":59,"minecraft:grass":1,"minecraft:stick":1,"minecraft:torch":37,"minecraft:dirt":777,"minecraft:spruce_stairs":158,"minecraft:carrot":20,"minecraft:golden_shovel":129,"minecraft:light_blue_stained_glass":47,"minecraft:oak_fence_gate":1,"minecraft:spruce_fence":8,"minecraft:stripped_spruce_log":89,"minecraft:iron_hoe":1,"minecraft:wooden_axe":275,"minecraft:lantern":25,"minecraft:iron_axe":785,"minecraft:oak_stairs":374,"minecraft:grass_block":1544,"evilcraft:flesh_humanoid":1,"minecraft:stone_bricks":48,"minecraft:magma_block":2,"minecraft:furnace":5,"minecraft:potato":76,"minecraft:golden_axe":66,"minecraft:water_bucket":77,"minecraft:dirt_path":29,"minecraft:spruce_door":4,"minecraft:birch_planks":10,"minecraft:stone_pickaxe":264,"minecraft:oak_planks":161,"minecraft:wooden_pickaxe":59,"minecraft:spruce_sign":11,"minecraft:horse_spawn_egg":2,"minecraft:stonecutter":1,"minecraft:spruce_fence_gate":66,"minecraft:oak_slab":262,"minecraft:tnt":41,"minecraft:crafting_table":9,"minecraft:blast_furnace":3,"minecraft:campfire":2,"minecraft:white_bed":9,"minecraft:stone_brick_wall":34,"minecraft:spruce_log":209,"minecraft:oak_log":89,"minecraft:wooden_hoe":77,"minecraft:flower_pot":1,"minecraft:apple":11,"minecraft:bread":31,"minecraft:iron_pickaxe":626,"minecraft:spruce_trapdoor":46,"minecraft:flowering_azalea_leaves":4,"minecraft:stone_axe":585,"minecraft:diamond_sword":8,"minecraft:bucket":5,"minecraft:glass_pane":29,"alexsmobs:animal_dictionary":1,"minecraft:golden_pickaxe":70,"alexscaves:flytrap":1,"minecraft:bone_meal":75,"minecraft:birch_stairs":19},"minecraft:custom":{"minecraft:mob_kills":32,"minecraft:interact_with_crafting_table":87,"minecraft:open_barrel":2,"minecraft:leave_game":9,"minecraft:time_since_death":21395,"minecraft:climb_one_cm":7485,"minecraft:sprint_one_cm":815761,"minecraft:walk_one_cm":1625431,"minecraft:damage_blocked_by_shield":20,"minecraft:drop":85,"minecraft:talked_to_villager":1,"minecraft:play_time":542086,"minecraft:deaths":16,"minecraft:sneak_time":6190,"minecraft:walk_under_water_one_cm":29889,"minecraft:jump":2124,"minecraft:interact_with_blast_furnace":2,"minecraft:walk_on_water_one_cm":25900,"minecraft:total_world_time":542086,"minecraft:interact_with_furnace":21,"minecraft:interact_with_stonecutter":7,"minecraft:sleep_in_bed":19,"minecraft:time_since_rest":979,"minecraft:damage_taken":5921,"minecraft:damage_dealt":11507,"minecraft:player_kills":2,"minecraft:swim_one_cm":55078,"minecraft:fly_one_cm":888861,"minecraft:open_chest":106,"minecraft:crouch_one_cm":10500,"minecraft:fall_one_cm":71454},"minecraft:dropped":{"minecraft:bread":10,"minecraft:poisonous_potato":1,"minecraft:oak_fence":3,"minecraft:golden_axe":1,"minecraft:cobblestone":19,"minecraft:lantern":1,"minecraft:apple":5,"minecraft:spruce_door":2,"minecraft:spruce_stairs":30,"minecraft:stick":9,"minecraft:gold_block":13,"minecraft:dirt":136,"minecraft:mutton":5,"minecraft:wooden_axe":1,"minecraft:oak_stairs":1,"minecraft:string":1,"minecraft:spruce_sapling":60,"minecraft:gravel":2,"alexsmobs:maggot":6,"alexsmobs:crocodile_scute":6,"alexsmobs:animal_dictionary":2,"minecraft:birch_sapling":20,"minecraft:rotten_flesh":8,"evilcraft:flesh_humanoid":1,"minecraft:flint_and_steel":1,"minecraft:oak_fence_gate":2,"supplementaries:ash":6,"minecraft:stone_brick_wall":1,"minecraft:oak_sapling":61,"minecraft:campfire":1,"minecraft:iron_bars":4,"minecraft:beef":8,"minecraft:wooden_pickaxe":1,"minecraft:netherrack":8,"minecraft:egg":1},"minecraft:killed_by":{"minecraft:creeper":1,"minecraft:enderman":1,"alexsmobs:crocodile":2,"minecraft:skeleton":1},"minecraft:picked_up":{"minecraft:iron_chestplate":1,"minecraft:crafting_table":3,"minecraft:flower_pot":2,"minecraft:golden_pickaxe":3,"minecraft:oak_stairs":78,"minecraft:stone_brick_wall":2,"minecraft:gold_block":43,"minecraft:golden_shovel":1,"minecraft:shield":1,"minecraft:string":1,"travelersbackpack:pig":1,"minecraft:spruce_planks":15,"minecraft:beef":8,"minecraft:chest":2,"minecraft:spruce_slab":13,"minecraft:birch_sapling":22,"minecraft:spruce_trapdoor":1,"alexscaves:flytrap":1,"minecraft:furnace":2,"minecraft:egg":1,"minecraft:stick":145,"minecraft:oak_fence":3,"minecraft:torch":36,"minecraft:spruce_stairs":52,"minecraft:spruce_fence":1,"minecraft:golden_axe":2,"minecraft:diorite":31,"alexsmobs:crocodile_scute":6,"minecraft:cactus":2,"minecraft:arrow":2,"minecraft:rotten_flesh":9,"minecraft:hay_block":65,"supplementaries:ash":6,"minecraft:mutton":10,"minecraft:iron_bars":4,"minecraft:white_wool":2,"minecraft:cobblestone":825,"minecraft:stripped_oak_log":62,"minecraft:birch_log":71,"minecraft:magma_block":5,"minecraft:water_bucket":1,"minecraft:andesite":1,"minecraft:brown_wool":1,"minecraft:potato":48,"minecraft:flint":2,"minecraft:oak_log":310,"evilcraft:flesh_humanoid":3,"minecraft:gunpowder":2,"minecraft:dirt":1886,"minecraft:lantern":14,"minecraft:white_banner":1,"minecraft:bone":7,"minecraft:apple":16,"minecraft:stone_bricks":17,"minecraft:iron_ingot":100,"minecraft:oak_fence_gate":1,"minecraft:oak_planks":117,"minecraft:oak_slab":6,"minecraft:poisonous_potato":1,"minecraft:gravel":2,"minecraft:sand":50,"minecraft:stripped_spruce_log":39,"minecraft:spruce_sapling":60,"minecraft:white_bed":2,"minecraft:spruce_log":352,"minecraft:spruce_door":3,"alexsmobs:animal_dictionary":1,"minecraft:spruce_fence_gate":8,"minecraft:bone_meal":31,"minecraft:spruce_sign":5,"alexsmobs:maggot":6,"minecraft:oak_sapling":140,"minecraft:netherrack":16,"minecraft:coal":29},"minecraft:killed":{"minecraft:spider":1,"alexsmobs:tasmanian_devil":1,"minecraft:skeleton":1,"alexsmobs:bison":1,"doppelgangermod:dpchicken":13,"minecraft:creeper":1,"minecraft:sheep":3,"minecraft:pillager":2,"minecraft:zombie":2,"alexsmobs:crocodile":1,"alexsmobs:fly":2,"doppelgangermod:dp_cow":1},"minecraft:broken":{"minecraft:iron_shovel":3,"minecraft:wooden_shovel":1,"minecraft:golden_shovel":4,"minecraft:wooden_pickaxe":1,"minecraft:stone_pickaxe":2,"minecraft:iron_axe":3,"minecraft:stone_axe":4,"minecraft:iron_pickaxe":2,"minecraft:golden_pickaxe":3,"minecraft:wooden_axe":4,"minecraft:stone_shovel":3},"minecraft:mined":{"minecraft:spruce_planks":15,"minecraft:white_bed":2,"minecraft:spruce_trapdoor":1,"minecraft:stone_brick_wall":2,"minecraft:grass_block":1032,"minecraft:spruce_fence":3,"minecraft:spruce_leaves":27,"minecraft:hay_block":65,"minecraft:magma_block":6,"minecraft:furnace":2,"minecraft:iron_ore":1,"minecraft:fire":16,"minecraft:andesite":2,"minecraft:stripped_spruce_log":39,"evilcraft:dark_ore":1,"minecraft:potatoes":8,"minecraft:vine":2,"amendments:wall_lantern":1,"minecraft:oak_stairs":80,"minecraft:iron_bars":2,"minecraft:lantern":10,"minecraft:stripped_oak_log":87,"minecraft:stone":812,"minecraft:spruce_slab":10,"minecraft:oak_slab":6,"minecraft:glass_pane":3,"minecraft:dandelion":1,"minecraft:spruce_door":2,"minecraft:torch":9,"minecraft:oak_fence":1,"minecraft:crafting_table":3,"alexscaves:flytrap":1,"minecraft:chest":2,"minecraft:oak_planks":117,"minecraft:wall_torch":1,"minecraft:diorite":33,"minecraft:spruce_stairs":34,"minecraft:birch_log":78,"minecraft:spruce_log":371,"minecraft:birch_leaves":10,"minecraft:grass":10,"minecraft:oak_log":366,"minecraft:coal_ore":83,"minecraft:oak_fence_gate":1,"minecraft:gravel":2,"minecraft:dirt":1543,"minecraft:flower_pot":1,"minecraft:sand":52,"minecraft:spruce_fence_gate":9,"minecraft:stone_bricks":12,"minecraft:netherrack":8,"minecraft:oak_leaves":44,"minecraft:fern":2}},"DataVersion":3465}