{"stats":{"minecraft:used":{"minecraft:iron_shovel":585,"minecraft:stone_pickaxe":44,"minecraft:stone_shovel":392,"minecraft:wooden_pickaxe":59,"minecraft:chest":2,"minecraft:stick":1,"minecraft:dirt":189,"minecraft:crafting_table":3,"minecraft:white_bed":1,"minecraft:golden_shovel":129,"minecraft:wooden_axe":67,"minecraft:apple":6,"minecraft:bread":2,"evilcraft:flesh_humanoid":1,"minecraft:stone_axe":435,"alexsmobs:animal_dictionary":1,"alexscaves:flytrap":1},"minecraft:crafted":{"minecraft:oak_planks":132,"minecraft:stone_shovel":3,"minecraft:crafting_table":2,"minecraft:wooden_pickaxe":2,"minecraft:golden_shovel":4,"minecraft:birch_planks":28,"minecraft:stone_axe":3,"minecraft:bread":42,"minecraft:stone_pickaxe":1,"minecraft:wooden_axe":1,"minecraft:chest":2,"minecraft:iron_shovel":3,"minecraft:gold_ingot":9,"minecraft:wheat":126},"minecraft:custom":{"minecraft:mob_kills":3,"minecraft:interact_with_crafting_table":19,"minecraft:open_barrel":1,"minecraft:leave_game":2,"minecraft:time_since_death":3292,"minecraft:sleep_in_bed":5,"minecraft:time_since_rest":3328,"minecraft:sprint_one_cm":139699,"minecraft:damage_taken":1415,"minecraft:walk_one_cm":262630,"minecraft:drop":29,"minecraft:damage_dealt":291,"minecraft:fly_one_cm":55654,"minecraft:player_kills":1,"minecraft:open_chest":15,"minecraft:play_time":73442,"minecraft:deaths":4,"minecraft:walk_under_water_one_cm":2696,"minecraft:jump":535,"minecraft:interact_with_blast_furnace":1,"minecraft:walk_on_water_one_cm":3507,"minecraft:total_world_time":73442,"minecraft:fall_one_cm":14811},"minecraft:dropped":{"minecraft:bread":10,"minecraft:apple":5,"minecraft:gold_block":13,"minecraft:egg":1},"minecraft:killed_by":{"minecraft:enderman":1},"minecraft:picked_up":{"minecraft:birch_log":62,"minecraft:crafting_table":1,"minecraft:brown_wool":1,"minecraft:gold_block":43,"minecraft:flint":1,"evilcraft:flesh_humanoid":1,"minecraft:oak_log":302,"minecraft:dirt":1084,"minecraft:apple":16,"minecraft:iron_ingot":4,"minecraft:birch_sapling":20,"alexscaves:flytrap":1,"minecraft:egg":1,"minecraft:stick":101,"minecraft:oak_fence":1,"minecraft:torch":1,"minecraft:white_bed":1,"minecraft:hay_block":14,"minecraft:oak_sapling":125,"minecraft:mutton":5,"minecraft:iron_bars":2,"minecraft:cobblestone":98,"minecraft:white_wool":2},"minecraft:killed":{"minecraft:sheep":3},"minecraft:broken":{"minecraft:iron_shovel":2,"minecraft:stone_axe":2,"minecraft:wooden_axe":1,"minecraft:golden_shovel":4,"minecraft:stone_shovel":3,"minecraft:wooden_pickaxe":1},"minecraft:mined":{"minecraft:white_bed":1,"minecraft:oak_fence":1,"minecraft:crafting_table":1,"alexscaves:flytrap":1,"minecraft:grass_block":482,"minecraft:hay_block":14,"minecraft:birch_log":66,"minecraft:birch_leaves":10,"minecraft:grass":5,"minecraft:oak_log":339,"minecraft:iron_bars":2,"minecraft:gravel":1,"minecraft:dirt":625,"minecraft:stone":100,"minecraft:oak_leaves":37}},"DataVersion":3465}