{"stats":{"minecraft:crafted":{"minecraft:cherry_planks":64,"minecraft:oak_planks":40,"minecraft:stone_shovel":2,"minecraft:crafting_table":3,"minecraft:birch_boat":1,"minecraft:wooden_pickaxe":1,"minecraft:birch_planks":207,"minecraft:stone_axe":1,"minecraft:stick":24,"minecraft:stone_pickaxe":1,"minecraft:wooden_axe":2,"minecraft:chest":1,"minecraft:torch":16},"minecraft:dropped":{"minecraft:rotten_flesh":2,"minecraft:torch":8,"minecraft:mutton":1,"minecraft:wooden_axe":1,"minecraft:writable_book":2},"minecraft:mined":{"minecraft:white_bed":4,"minecraft:quartz_stairs":9,"minecraft:red_bed":5,"minecraft:cherry_log":41,"minecraft:crafting_table":3,"minecraft:torch":2,"minecraft:dark_oak_fence":1,"minecraft:jungle_stairs":1,"minecraft:grass_block":24,"minecraft:chest":1,"minecraft:jungle_log":2,"minecraft:tall_grass":2,"minecraft:sandstone":9,"minecraft:wall_torch":1,"minecraft:pink_petals":1,"minecraft:birch_planks":1,"minecraft:birch_log":87,"minecraft:barrel":3,"minecraft:birch_leaves":3,"minecraft:peony":3,"minecraft:grass":1,"minecraft:oak_log":10,"minecraft:coal_ore":21,"minecraft:vine":1,"minecraft:iron_bars":8,"minecraft:lantern":1,"minecraft:dirt":21,"minecraft:cracked_stone_bricks":1,"minecraft:stone":82,"minecraft:white_wool":4,"minecraft:spruce_slab":2},"minecraft:picked_up":{"minecraft:birch_log":86,"minecraft:pink_petals":4,"minecraft:crafting_table":3,"minecraft:leather_chestplate":1,"minecraft:jungle_log":2,"minecraft:birch_planks":2,"minecraft:oak_log":10,"minecraft:shield":1,"minecraft:dirt":43,"minecraft:red_bed":2,"minecraft:lantern":1,"minecraft:apple":1,"minecraft:cracked_stone_bricks":1,"minecraft:rose_bush":4,"minecraft:light_gray_wool":1,"minecraft:spruce_slab":2,"minecraft:quartz_stairs":8,"minecraft:chest":1,"minecraft:birch_sapling":28,"minecraft:stick":26,"minecraft:sandstone":4,"minecraft:sweet_berries":36,"minecraft:torch":3,"minecraft:cherry_log":31,"minecraft:white_bed":1,"minecraft:barrel":4,"minecraft:arrow":3,"minecraft:rotten_flesh":2,"minecraft:peony":1,"minecraft:jungle_stairs":1,"minecraft:writable_book":1,"minecraft:cherry_sapling":17,"alexsmobs:moose_ribs":1,"minecraft:oak_sapling":3,"minecraft:mutton":1,"minecraft:dark_oak_fence":1,"minecraft:iron_bars":6,"minecraft:white_wool":6,"minecraft:cobblestone":79},"minecraft:killed":{"alexsmobs:skunk":1,"minecraft:sheep":1,"minecraft:skeleton":2,"alexsmobs:gelada_monkey":1,"minecraft:zombie":4,"alexsmobs:moose":1,"minecraft:drowned":1},"minecraft:broken":{"minecraft:stone_pickaxe":1,"minecraft:stone_axe":1,"minecraft:wooden_axe":1},"minecraft:used":{"minecraft:writable_book":2,"minecraft:birch_planks":88,"minecraft:spruce_slab":2,"minecraft:stone_shovel":1,"minecraft:stone_pickaxe":132,"minecraft:chest":2,"minecraft:wooden_pickaxe":16,"minecraft:birch_boat":1,"minecraft:leather_chestplate":1,"minecraft:shield":16,"minecraft:cracked_stone_bricks":1,"minecraft:torch":5,"anthropology_items__structures:hunters_machete":39,"minecraft:spyglass":7,"minecraft:dirt":17,"minecraft:crafting_table":6,"minecraft:red_bed":2,"alexsmobs:moose_ribs":1,"minecraft:wooden_axe":52,"minecraft:firework_rocket":30,"minecraft:apple":1,"minecraft:stone_axe":142,"minecraft:cobblestone":8,"minecraft:bow":7,"minecraft:sweet_berries":15},"minecraft:killed_by":{"minecraft:player":1,"minecraft:creeper":1,"alexsmobs:moose":1,"alexsmobs:gelada_monkey":1},"minecraft:custom":{"minecraft:mob_kills":11,"minecraft:interact_with_crafting_table":12,"minecraft:open_barrel":10,"minecraft:leave_game":2,"minecraft:time_since_death":11255,"minecraft:sleep_in_bed":13,"minecraft:climb_one_cm":14562,"minecraft:time_since_rest":11282,"minecraft:sprint_one_cm":87264,"minecraft:damage_taken":2079,"minecraft:walk_one_cm":213208,"minecraft:damage_blocked_by_shield":660,"minecraft:drop":7,"minecraft:damage_dealt":2440,"minecraft:swim_one_cm":22434,"minecraft:fly_one_cm":158509,"minecraft:player_kills":1,"minecraft:open_chest":27,"minecraft:crouch_one_cm":4265,"minecraft:play_time":101552,"minecraft:deaths":7,"minecraft:sneak_time":1132,"minecraft:walk_under_water_one_cm":24725,"minecraft:aviate_one_cm":303229,"minecraft:jump":1204,"minecraft:walk_on_water_one_cm":11559,"minecraft:total_world_time":101552,"minecraft:fall_one_cm":35092}},"DataVersion":3465}