{"stats":{"minecraft:crafted":{"minecraft:oak_planks":900,"minecraft:cherry_slab":282,"minecraft:birch_boat":1,"minecraft:birch_slab":252,"minecraft:loom":1,"minecraft:stone":4,"alexscaves:pewen_planks":40,"minecraft:glass":200,"minecraft:iron_boots":2,"alexscaves:serene_salad":3,"minecraft:chest":14,"alexscaves:primitive_club":1,"minecraft:oak_fence":81,"moonsweaponry:iron_hammer":2,"minecraft:golden_axe":8,"supplementaries:rope_arrow":4,"minecraft:crafting_table":10,"minecraft:spruce_planks":564,"minecraft:wooden_pickaxe":1,"minecraft:iron_helmet":2,"minecraft:gold_block":15,"minecraft:birch_planks":699,"minecraft:iron_chestplate":2,"minecraft:stick":80,"minecraft:iron_ingot":110,"minecraft:iron_pickaxe":11,"minecraft:gold_ingot":504,"minecraft:deepslate_bricks":2,"minecraft:shears":1,"minecraft:cherry_planks":776,"minecraft:stone_shovel":2,"moonsweaponry:golden_greatsword":1,"morevanillashields:emerald_shield":1,"minecraft:furnace":1,"minecraft:glass_pane":16,"minecraft:iron_axe":3,"minecraft:spruce_slab":108,"minecraft:cherry_stairs":16,"minecraft:stone_pickaxe":2,"minecraft:cooked_beef":12,"alexscaves:cooked_dinosaur_chop":4,"supplementaries:timber_cross_brace":1,"minecraft:golden_shovel":10,"minecraft:stone_axe":3,"minecraft:wooden_axe":3,"minecraft:iron_leggings":3,"minecraft:iron_shovel":1,"minecraft:cherry_door":6,"minecraft:stonecutter":1,"minecraft:torch":16},"minecraft:used":{"minecraft:writable_book":2,"minecraft:iron_shovel":157,"minecraft:spruce_slab":65,"minecraft:chest":17,"minecraft:shield":244,"moonsweaponry:iron_hammer":315,"minecraft:rotten_flesh":1,"minecraft:tuff":18,"moonsweaponry:golden_greatsword":197,"minecraft:glass":191,"minecraft:lantern":9,"alexscaves:amber":1,"supplementaries:bomb_blue":1,"minecraft:bow":38,"minecraft:sweet_berries":44,"minecraft:furnace":2,"minecraft:diorite":5,"minecraft:spruce_door":1,"minecraft:stone_pickaxe":527,"minecraft:oak_planks":722,"minecraft:wooden_pickaxe":16,"minecraft:leather_chestplate":1,"minecraft:white_wool":1,"minecraft:loom":1,"minecraft:shears":8,"minecraft:redstone_torch":1,"minecraft:firework_rocket":91,"minecraft:birch_slab":200,"minecraft:gravel":2,"minecraft:diamond_sword":51,"supplementaries:timber_cross_brace":1,"minecraft:golden_pickaxe":64,"minecraft:oak_fence":66,"minecraft:stone_shovel":146,"minecraft:spruce_planks":470,"minecraft:torch":107,"minecraft:dirt":178,"minecraft:spyglass":7,"alexsmobs:moose_ribs":1,"alexscaves:limestone":29,"minecraft:golden_shovel":256,"minecraft:wooden_axe":110,"alexscaves:limestone_spear":11,"minecraft:iron_axe":813,"minecraft:cherry_slab":315,"minecraft:jungle_log":36,"evilcraft:box_of_eternal_closure":2,"evilcraft:flesh_humanoid":8,"moonsweaponry:stone_greatsword":118,"minecraft:cooked_beef":6,"minecraft:cherry_log":245,"minecraft:cobbled_deepslate":812,"minecraft:golden_axe":245,"minecraft:water_bucket":9,"alexscaves:dinosaur_chop":1,"minecraft:birch_planks":482,"minecraft:birch_boat":1,"minecraft:cherry_planks":286,"minecraft:stonecutter":1,"morevanillashields:emerald_shield":98,"minecraft:cracked_stone_bricks":1,"alexscaves:primitive_club":44,"anthropology_items__structures:hunters_machete":78,"minecraft:crafting_table":13,"minecraft:red_bed":3,"minecraft:smoker":1,"alexscaves:pewen_planks":14,"minecraft:apple":1,"minecraft:cherry_door":4,"minecraft:iron_pickaxe":2559,"minecraft:suspicious_stew":1,"minecraft:stone_axe":424,"minecraft:cobblestone":331,"minecraft:cherry_stairs":9,"travelersbackpack:standard":1,"minecraft:bucket":10,"minecraft:glass_pane":12,"minecraft:yellow_bed":3},"minecraft:custom":{"minecraft:interact_with_crafting_table":120,"minecraft:open_barrel":12,"minecraft:leave_game":38,"minecraft:time_since_death":23140,"minecraft:sprint_one_cm":682564,"minecraft:damage_blocked_by_shield":7060,"minecraft:drop":64,"minecraft:play_time":859156,"minecraft:deaths":80,"minecraft:jump":8602,"minecraft:walk_on_water_one_cm":113691,"minecraft:enchant_item":4,"minecraft:interact_with_furnace":92,"minecraft:interact_with_loom":1,"minecraft:sleep_in_bed":27,"minecraft:damage_dealt":34492,"minecraft:player_kills":8,"minecraft:crouch_one_cm":251290,"minecraft:interact_with_smoker":5,"minecraft:interact_with_smithing_table":7,"minecraft:mob_kills":141,"minecraft:climb_one_cm":24160,"minecraft:walk_one_cm":2129478,"minecraft:sneak_time":54140,"minecraft:walk_under_water_one_cm":72387,"minecraft:total_world_time":859156,"minecraft:interact_with_stonecutter":1,"minecraft:time_since_rest":10351,"minecraft:damage_taken":24484,"minecraft:swim_one_cm":37833,"minecraft:fly_one_cm":1210770,"minecraft:open_chest":315,"minecraft:aviate_one_cm":1215878,"minecraft:fall_one_cm":333346},"minecraft:dropped":{"minecraft:diamond":1,"minecraft:sandstone_stairs":2,"minecraft:leather":1,"minecraft:gold_block":33,"minecraft:dirt":2,"minecraft:mutton":1,"alexscaves:dinosaur_nugget":7,"minecraft:writable_book":2,"minecraft:sand":64,"minecraft:iron_pickaxe":2,"minecraft:rotten_flesh":3,"travelersbackpack:bat":1,"evilcraft:flesh_humanoid":3,"travelersbackpack:gold_tier_upgrade":1,"supplementaries:flax_seeds":2,"minecraft:chest":4,"minecraft:iron_bars":2,"minecraft:egg":1,"minecraft:firework_rocket":1,"minecraft:iron_ingot":9,"minecraft:wheat_seeds":20,"minecraft:cobblestone":13,"moonsweaponry:golden_greatsword":1,"minecraft:stick":46,"minecraft:torch":8,"minecraft:wooden_axe":1,"minecraft:map":4,"minecraft:paper":3,"minecraft:spruce_sapling":10,"minecraft:sweet_berries":5,"minecraft:stone":1,"alexscaves:archaic_vine":6,"alexscaves:heavy_bone":1,"minecraft:oak_sapling":9,"minecraft:sandstone":7,"minecraft:bow":1,"minecraft:stone_pickaxe":1},"minecraft:killed_by":{"doppelgangermod:dp_creeper":1,"minecraft:creeper":4,"alexsmobs:murmur_head":2,"minecraft:zombie":7,"alexscaves:tremorsaurus":3,"minecraft:player":8,"alexscaves:vallumraptor":8,"alexsmobs:gelada_monkey":1,"minecraft:skeleton":4,"alexsmobs:moose":1,"alexscaves:relicheirus":4},"minecraft:picked_up":{"alexscaves:thin_bone":1,"minecraft:birch_door":1,"minecraft:wheat":1,"travelersbackpack:bat":1,"alexscaves:trilocaris_tail":7,"minecraft:enchanted_book":1,"minecraft:polished_blackstone_brick_stairs":5,"minecraft:string":37,"minecraft:raw_copper":9,"minecraft:gold_nugget":3,"minecraft:cobbled_deepslate":958,"bosses_of_mass_destruction:soul_star":1,"minecraft:spruce_planks":48,"minecraft:rose_bush":4,"minecraft:redstone_torch":3,"minecraft:iron_pickaxe":1,"minecraft:furnace":1,"alexscaves:flytrap":1,"minecraft:tipped_arrow":4,"minecraft:stick":399,"minecraft:oak_fence":8,"minecraft:torch":56,"alexscaves:heavy_bone":9,"minecraft:golden_axe":1,"minecraft:cherry_log":486,"minecraft:pointed_dripstone":2,"minecraft:diorite":5,"evilcraft:box_of_eternal_closure":3,"minecraft:rotten_flesh":94,"supplementaries:ash":14,"evilcraft:condensed_blood":57,"alexscaves:archaic_vine":10,"minecraft:iron_bars":8,"minecraft:snowball":7,"minecraft:cobblestone":412,"minecraft:birch_log":145,"minecraft:pink_petals":657,"minecraft:leather_chestplate":1,"minecraft:feather":4,"minecraft:cherry_planks":29,"minecraft:repeater":1,"minecraft:andesite":2,"minecraft:cherry_leaves":7,"minecraft:birch_slab":96,"minecraft:jungle_log":69,"minecraft:smoker":1,"minecraft:tuff":73,"evilcraft:flesh_humanoid":13,"supplementaries:flax_seeds":4,"minecraft:cherry_door":1,"travelersbackpack:gold_tier_upgrade":1,"minecraft:lapis_lazuli":76,"minecraft:dirt":508,"minecraft:lantern":10,"minecraft:bone":48,"minecraft:bow":3,"minecraft:wheat_seeds":38,"minecraft:raw_gold":2,"minecraft:moss_block":11,"minecraft:oak_planks":26,"minecraft:chiseled_polished_blackstone":17,"minecraft:music_disc_13":1,"alexscaves:amber_curiosity":2,"minecraft:sand":392,"minecraft:barrel":4,"minecraft:mossy_cobblestone":6,"minecraft:white_candle":4,"minecraft:writable_book":1,"minecraft:cracked_polished_blackstone_bricks":6,"minecraft:granite":1,"minecraft:emerald":3,"alexsmobs:moose_ribs":1,"minecraft:golden_horse_armor":1,"minecraft:bread":10,"minecraft:oak_sapling":87,"minecraft:cherry_slab":115,"minecraft:dark_oak_fence":1,"minecraft:crafting_table":5,"minecraft:chicken":1,"minecraft:gold_block":118,"minecraft:shield":3,"alexscaves:dinosaur_nugget":7,"minecraft:red_bed":3,"alexscaves:dinosaur_chop":5,"minecraft:cracked_stone_bricks":1,"minecraft:beef":4,"minecraft:light_gray_wool":1,"minecraft:spruce_slab":10,"supplementaries:rope":12,"minecraft:quartz_stairs":8,"minecraft:chest":7,"minecraft:birch_sapling":28,"minecraft:egg":2,"minecraft:raw_iron":2,"minecraft:sandstone":20,"minecraft:stone":1,"minecraft:cherry_stairs":1,"alexscaves:cycad":8,"evilcraft:origins_of_darkness":1,"minecraft:polished_blackstone_bricks":29,"minecraft:carrot":1,"minecraft:redstone":50,"minecraft:iron_horse_armor":1,"moonsweaponry:stone_greatsword":1,"alexsmobs:crocodile_scute":1,"minecraft:tnt":385,"minecraft:arrow":27,"moonsweaponry:golden_greatsword":1,"minecraft:beetroot_seeds":3,"minecraft:jungle_stairs":1,"minecraft:peony":1,"minecraft:sandstone_stairs":4,"minecraft:gold_ingot":20,"minecraft:polished_blackstone":3,"minecraft:glow_berries":10,"minecraft:mutton":2,"minecraft:rail":12,"minecraft:white_wool":7,"alexscaves:pewen_log":10,"minecraft:leather":5,"minecraft:fern":4,"minecraft:birch_planks":51,"minecraft:packed_mud":11,"alexscaves:limestone":110,"minecraft:oak_log":249,"minecraft:yellow_bed":3,"minecraft:gunpowder":1,"alexscaves:ambersol":1,"alexscaves:amber":77,"minecraft:apple":15,"minecraft:iron_ingot":10,"minecraft:stone_pickaxe":3,"alexscaves:curly_fern":16,"minecraft:emerald_block":7,"minecraft:sweet_berries":39,"minecraft:red_wool":1,"minecraft:dripstone_block":3,"minecraft:raw_iron_block":2,"minecraft:gravel":3,"alexscaves:tree_star":19,"minecraft:spruce_sapling":53,"minecraft:white_bed":1,"minecraft:spruce_log":141,"minecraft:spruce_door":1,"minecraft:spider_eye":1,"travelersbackpack:standard":1,"minecraft:firework_rocket":1,"minecraft:pumpkin_seeds":4,"alexscaves:pine_nuts":3,"minecraft:cherry_sapling":383,"minecraft:dark_oak_wood":7,"minecraft:coal":3,"alexscaves:ancient_sapling":10},"minecraft:killed":{"doppelgangermod:dp_creeper":2,"minecraft:spider":5,"alexsmobs:murmur":1,"minecraft:skeleton":20,"minecraft:chicken":1,"minecraft:silverfish":5,"minecraft:zombie_villager":1,"minecraft:sheep":2,"minecraft:zombie":45,"alexscaves:trilocaris":15,"minecraft:stray":2,"alexsmobs:fly":1,"doppelgangermod:dp_cow":1,"minecraft:cow":3,"alexscaves:vallumraptor":13,"alexscaves:tremorsaurus":2,"minecraft:drowned":1,"alexscaves:relicheirus":2,"alexsmobs:skunk":1,"minecraft:frog":1,"alexsmobs:gelada_monkey":1,"alexsmobs:crocodile":1,"alexscaves:subterranodon":1,"alexsmobs:moose":1,"alexscaves:grottoceratops":3,"minecraft:enderman":1},"minecraft:broken":{"minecraft:iron_boots":1,"minecraft:iron_chestplate":1,"minecraft:golden_shovel":8,"minecraft:iron_leggings":1,"minecraft:stone_pickaxe":3,"moonsweaponry:iron_hammer":1,"minecraft:stone_axe":3,"minecraft:wooden_axe":2,"minecraft:stone_shovel":1,"minecraft:leather_chestplate":1,"minecraft:shield":1,"minecraft:golden_axe":7,"moonsweaponry:stone_greatsword":1,"minecraft:iron_axe":3,"minecraft:iron_pickaxe":8,"minecraft:iron_helmet":1,"minecraft:golden_pickaxe":2},"minecraft:mined":{"minecraft:spruce_planks":21,"minecraft:white_bed":6,"minecraft:cherry_log":531,"alexscaves:limestone":108,"minecraft:granite":3,"minecraft:chiseled_polished_blackstone":16,"minecraft:grass_block":298,"alexscaves:pewen_branch":1,"minecraft:jungle_log":78,"minecraft:cracked_polished_blackstone_bricks":3,"minecraft:sandstone_stairs":2,"minecraft:spawner":1,"minecraft:polished_blackstone_bricks":10,"minecraft:raw_iron_block":4,"minecraft:magma_block":2,"minecraft:iron_ore":61,"minecraft:cobbled_deepslate":60,"minecraft:barrel":3,"minecraft:deepslate_lapis_ore":9,"amendments:wall_lantern":3,"minecraft:iron_bars":11,"alexscaves:ambersol":1,"minecraft:spruce_slab":5,"minecraft:deepslate_redstone_ore":21,"alexscaves:amber":64,"minecraft:red_bed":6,"minecraft:smoker":1,"supplementaries:timber_cross_brace":1,"alexscaves:dinosaur_chop":1,"minecraft:torch":6,"minecraft:jungle_stairs":1,"alexscaves:ancient_leaves":2,"minecraft:dark_oak_wood":7,"minecraft:chest":1,"minecraft:glass":11,"minecraft:cobblestone":213,"minecraft:white_candle":1,"minecraft:oak_planks":31,"minecraft:wall_torch":4,"minecraft:cherry_slab":75,"minecraft:deepslate_copper_ore":12,"minecraft:pink_petals":146,"minecraft:repeater":1,"evilcraft:dark_ore_deepslate":7,"minecraft:birch_log":87,"minecraft:birch_door":1,"minecraft:tnt":396,"minecraft:grass":86,"minecraft:oak_log":264,"minecraft:sand":308,"minecraft:dirt":80,"minecraft:deepslate":804,"minecraft:oak_leaves":15,"minecraft:emerald_block":6,"minecraft:infested_deepslate":2,"minecraft:tuff":637,"minecraft:quartz_stairs":9,"minecraft:mossy_cobblestone":3,"minecraft:deepslate_diamond_ore":6,"minecraft:dark_oak_fence":1,"alexscaves:pewen_log":10,"minecraft:redstone_wire":10,"minecraft:birch_slab":74,"minecraft:spruce_leaves":8,"minecraft:moss_block":11,"minecraft:sandstone":18,"minecraft:large_fern":11,"supplementaries:rope":4,"alexscaves:archaic_vine_plant":2,"minecraft:packed_mud":10,"minecraft:furnace":1,"evilcraft:box_of_eternal_closure":2,"minecraft:andesite":2,"evilcraft:dark_ore":2,"minecraft:gold_block":99,"minecraft:peony":3,"minecraft:deepslate_iron_ore":102,"minecraft:cobblestone_slab":1,"minecraft:vine":2,"minecraft:rail":7,"minecraft:lantern":8,"alexscaves:curly_fern":16,"minecraft:stone":206,"minecraft:cherry_stairs":1,"minecraft:white_wool":4,"minecraft:redstone_wall_torch":1,"minecraft:cherry_planks":13,"minecraft:spruce_door":2,"minecraft:oak_fence":4,"minecraft:crafting_table":5,"alexscaves:flytrap":1,"alexscaves:tree_star":3,"minecraft:copper_ore":28,"minecraft:tall_grass":5,"minecraft:deepslate_gold_ore":44,"minecraft:polished_blackstone_brick_stairs":1,"alexscaves:archaic_vine":3,"minecraft:diorite":5,"supplementaries:urn":10,"minecraft:spruce_stairs":1,"minecraft:birch_planks":45,"minecraft:sweet_berry_bush":1,"minecraft:spruce_log":137,"minecraft:birch_leaves":3,"minecraft:yellow_bed":2,"minecraft:coal_ore":264,"evilcraft:blood_stain":4,"alexscaves:cycad":4,"minecraft:cherry_leaves":16,"minecraft:gravel":3,"minecraft:cobweb":12,"minecraft:cracked_stone_bricks":1,"minecraft:polished_blackstone":2,"minecraft:fern":9}},"DataVersion":3465}