{"stats":{"minecraft:used":{"minecraft:writable_book":2,"minecraft:spruce_slab":2,"minecraft:stone_shovel":146,"minecraft:chest":10,"minecraft:shield":93,"minecraft:rotten_flesh":1,"minecraft:torch":31,"minecraft:dirt":81,"minecraft:spyglass":7,"alexsmobs:moose_ribs":1,"alexscaves:limestone":8,"minecraft:wooden_axe":52,"minecraft:lantern":3,"minecraft:cherry_slab":132,"alexscaves:amber":1,"evilcraft:box_of_eternal_closure":2,"moonsweaponry:stone_greatsword":118,"supplementaries:bomb_blue":1,"minecraft:bow":11,"minecraft:sweet_berries":19,"minecraft:furnace":1,"minecraft:cooked_beef":6,"minecraft:cobbled_deepslate":206,"minecraft:cherry_log":55,"minecraft:diorite":5,"minecraft:birch_planks":367,"minecraft:stone_pickaxe":484,"minecraft:wooden_pickaxe":16,"minecraft:birch_boat":1,"minecraft:leather_chestplate":1,"minecraft:cherry_planks":278,"minecraft:cracked_stone_bricks":1,"minecraft:white_wool":1,"anthropology_items__structures:hunters_machete":78,"minecraft:crafting_table":8,"minecraft:red_bed":2,"minecraft:smoker":1,"minecraft:firework_rocket":91,"minecraft:apple":1,"minecraft:cherry_door":2,"minecraft:birch_slab":49,"minecraft:iron_pickaxe":857,"minecraft:gravel":2,"minecraft:stone_axe":424,"minecraft:diamond_sword":51,"minecraft:cobblestone":68,"travelersbackpack:standard":1,"supplementaries:timber_cross_brace":1,"minecraft:glass_pane":12,"minecraft:yellow_bed":2},"minecraft:crafted":{"minecraft:cherry_planks":524,"minecraft:oak_planks":44,"minecraft:stone_shovel":2,"minecraft:cherry_slab":162,"minecraft:birch_boat":1,"minecraft:birch_slab":150,"minecraft:furnace":1,"minecraft:glass_pane":16,"minecraft:glass":6,"minecraft:iron_boots":1,"minecraft:stone_pickaxe":2,"minecraft:chest":9,"moonsweaponry:iron_hammer":1,"minecraft:cooked_beef":12,"minecraft:crafting_table":5,"minecraft:iron_helmet":1,"minecraft:wooden_pickaxe":1,"supplementaries:timber_cross_brace":1,"minecraft:gold_block":15,"minecraft:birch_planks":443,"minecraft:stone_axe":3,"minecraft:iron_chestplate":1,"minecraft:stick":24,"minecraft:iron_ingot":61,"minecraft:iron_pickaxe":6,"minecraft:wooden_axe":2,"minecraft:gold_ingot":135,"minecraft:cherry_door":3,"minecraft:iron_leggings":2,"minecraft:torch":16},"minecraft:dropped":{"minecraft:leather":1,"minecraft:torch":8,"minecraft:mutton":1,"minecraft:wooden_axe":1,"minecraft:writable_book":2,"minecraft:iron_pickaxe":2,"minecraft:rotten_flesh":2,"travelersbackpack:bat":1,"travelersbackpack:gold_tier_upgrade":1,"alexscaves:archaic_vine":6,"minecraft:stone_pickaxe":1,"minecraft:firework_rocket":1},"minecraft:custom":{"minecraft:interact_with_smithing_table":5,"minecraft:mob_kills":58,"minecraft:interact_with_crafting_table":35,"minecraft:open_barrel":10,"minecraft:leave_game":17,"minecraft:time_since_death":25726,"minecraft:climb_one_cm":20261,"minecraft:sprint_one_cm":253597,"minecraft:walk_one_cm":739254,"minecraft:damage_blocked_by_shield":2470,"minecraft:drop":15,"minecraft:play_time":325184,"minecraft:sneak_time":11270,"minecraft:deaths":25,"minecraft:walk_under_water_one_cm":37081,"minecraft:jump":3455,"minecraft:walk_on_water_one_cm":24182,"minecraft:total_world_time":325184,"minecraft:interact_with_furnace":21,"minecraft:sleep_in_bed":18,"minecraft:time_since_rest":25751,"minecraft:damage_taken":7498,"minecraft:damage_dealt":9736,"minecraft:player_kills":1,"minecraft:swim_one_cm":27243,"minecraft:fly_one_cm":444462,"minecraft:open_chest":102,"minecraft:crouch_one_cm":48749,"minecraft:aviate_one_cm":1215878,"minecraft:fall_one_cm":118750},"minecraft:killed_by":{"minecraft:player":3,"minecraft:creeper":3,"alexscaves:vallumraptor":1,"alexsmobs:murmur_head":2,"alexsmobs:gelada_monkey":1,"minecraft:skeleton":2,"minecraft:zombie":3,"alexsmobs:moose":1},"minecraft:picked_up":{"minecraft:birch_door":1,"minecraft:crafting_table":3,"travelersbackpack:bat":1,"minecraft:chicken":1,"minecraft:gold_block":79,"minecraft:shield":1,"minecraft:string":15,"minecraft:red_bed":2,"minecraft:cracked_stone_bricks":1,"minecraft:cobbled_deepslate":346,"minecraft:beef":4,"minecraft:rose_bush":4,"minecraft:light_gray_wool":1,"minecraft:iron_pickaxe":1,"minecraft:spruce_slab":2,"minecraft:chest":1,"minecraft:quartz_stairs":8,"minecraft:birch_sapling":28,"alexscaves:flytrap":1,"minecraft:sandstone":5,"minecraft:stick":85,"minecraft:raw_iron":1,"minecraft:oak_fence":2,"minecraft:torch":41,"minecraft:polished_blackstone_bricks":1,"minecraft:cherry_log":201,"minecraft:pointed_dripstone":2,"minecraft:diorite":5,"moonsweaponry:stone_greatsword":1,"alexsmobs:crocodile_scute":1,"evilcraft:box_of_eternal_closure":2,"minecraft:arrow":19,"minecraft:rotten_flesh":25,"minecraft:jungle_stairs":1,"minecraft:peony":1,"supplementaries:ash":1,"minecraft:polished_blackstone":1,"alexscaves:archaic_vine":7,"minecraft:mutton":2,"minecraft:iron_bars":6,"minecraft:rail":6,"minecraft:snowball":7,"minecraft:white_wool":7,"minecraft:cobblestone":117,"minecraft:birch_log":145,"minecraft:pink_petals":409,"minecraft:leather_chestplate":1,"minecraft:feather":1,"minecraft:cherry_planks":13,"minecraft:birch_slab":2,"minecraft:jungle_log":2,"minecraft:leather":5,"minecraft:smoker":1,"minecraft:birch_planks":17,"alexscaves:limestone":94,"minecraft:packed_mud":1,"minecraft:tuff":3,"minecraft:oak_log":11,"evilcraft:flesh_humanoid":2,"minecraft:yellow_bed":2,"alexscaves:ambersol":1,"travelersbackpack:gold_tier_upgrade":1,"minecraft:dirt":271,"minecraft:lantern":4,"alexscaves:amber":64,"minecraft:bone":13,"minecraft:apple":1,"minecraft:bow":1,"minecraft:wheat_seeds":10,"minecraft:iron_ingot":10,"minecraft:stone_pickaxe":3,"alexscaves:curly_fern":1,"minecraft:moss_block":1,"minecraft:oak_planks":4,"minecraft:chiseled_polished_blackstone":7,"minecraft:sweet_berries":36,"minecraft:red_wool":1,"alexscaves:amber_curiosity":2,"minecraft:dripstone_block":3,"minecraft:gravel":2,"minecraft:sand":55,"minecraft:white_bed":1,"minecraft:barrel":4,"minecraft:mossy_cobblestone":3,"travelersbackpack:standard":1,"minecraft:firework_rocket":1,"minecraft:white_candle":4,"minecraft:writable_book":1,"minecraft:cracked_polished_blackstone_bricks":1,"minecraft:granite":1,"minecraft:cherry_sapling":118,"alexsmobs:moose_ribs":1,"minecraft:oak_sapling":3,"minecraft:cherry_slab":8,"minecraft:dark_oak_fence":1},"minecraft:killed":{"minecraft:spider":1,"alexsmobs:murmur":1,"minecraft:skeleton":10,"minecraft:chicken":1,"minecraft:drowned":1,"alexsmobs:skunk":1,"minecraft:sheep":2,"alexsmobs:gelada_monkey":1,"minecraft:zombie":28,"alexsmobs:crocodile":1,"minecraft:stray":2,"alexsmobs:moose":1,"minecraft:cow":3},"minecraft:broken":{"minecraft:leather_chestplate":1,"minecraft:stone_pickaxe":3,"moonsweaponry:stone_greatsword":1,"minecraft:stone_axe":3,"minecraft:iron_pickaxe":3,"minecraft:wooden_axe":1,"minecraft:stone_shovel":1},"minecraft:mined":{"minecraft:tuff":289,"minecraft:white_bed":6,"minecraft:quartz_stairs":9,"minecraft:mossy_cobblestone":3,"minecraft:deepslate_diamond_ore":4,"minecraft:cherry_log":226,"alexscaves:limestone":92,"minecraft:granite":1,"minecraft:dark_oak_fence":1,"minecraft:chiseled_polished_blackstone":7,"minecraft:grass_block":173,"minecraft:jungle_log":2,"minecraft:cracked_polished_blackstone_bricks":1,"minecraft:birch_slab":2,"minecraft:moss_block":1,"minecraft:sandstone":10,"minecraft:spawner":1,"minecraft:large_fern":1,"minecraft:polished_blackstone_bricks":1,"alexscaves:archaic_vine_plant":1,"minecraft:raw_iron_block":2,"minecraft:packed_mud":1,"minecraft:iron_ore":18,"minecraft:cobbled_deepslate":27,"minecraft:barrel":3,"evilcraft:box_of_eternal_closure":2,"minecraft:deepslate_lapis_ore":9,"evilcraft:dark_ore":2,"minecraft:peony":3,"minecraft:gold_block":79,"minecraft:vine":2,"minecraft:deepslate_iron_ore":28,"amendments:wall_lantern":3,"minecraft:rail":7,"minecraft:iron_bars":8,"minecraft:lantern":1,"alexscaves:ambersol":1,"minecraft:stone":100,"minecraft:white_wool":4,"minecraft:spruce_slab":2,"minecraft:deepslate_redstone_ore":6,"alexscaves:amber":64,"minecraft:cherry_planks":13,"minecraft:red_bed":5,"minecraft:smoker":1,"supplementaries:timber_cross_brace":1,"minecraft:crafting_table":3,"alexscaves:flytrap":1,"minecraft:torch":5,"minecraft:jungle_stairs":1,"minecraft:chest":1,"minecraft:copper_ore":15,"minecraft:tall_grass":5,"minecraft:cobblestone":34,"minecraft:white_candle":1,"minecraft:deepslate_gold_ore":12,"minecraft:oak_planks":3,"minecraft:diorite":5,"minecraft:wall_torch":4,"minecraft:cherry_slab":5,"minecraft:pink_petals":136,"minecraft:birch_planks":10,"evilcraft:dark_ore_deepslate":5,"minecraft:birch_log":87,"minecraft:birch_leaves":3,"minecraft:birch_door":1,"minecraft:yellow_bed":1,"minecraft:grass":66,"minecraft:oak_log":11,"minecraft:coal_ore":158,"evilcraft:blood_stain":2,"minecraft:gravel":2,"minecraft:sand":31,"minecraft:dirt":40,"minecraft:cobweb":12,"minecraft:cracked_stone_bricks":1,"minecraft:polished_blackstone":1,"minecraft:deepslate":317,"minecraft:fern":1}},"DataVersion":3465}