{"stats":{"minecraft:crafted":{"securitycraft:mine":6,"minecraft:smooth_stone":6,"minecraft:oak_planks":912,"supplementaries:gold_door":6,"fantasyfurniture:furniture_station":1,"minecraft:cherry_slab":282,"minecraft:birch_boat":1,"minecraft:birch_slab":252,"minecraft:loom":1,"minecraft:stone":12,"alexscaves:pewen_planks":40,"minecraft:bookshelf":4,"minecraft:warped_planks":4,"minecraft:glass":200,"minecraft:iron_boots":2,"alexscaves:serene_salad":3,"minecraft:chest":37,"alexscaves:primitive_club":1,"moonsweaponry:iron_hammer":2,"minecraft:oak_fence":81,"securitycraft:deepslate_iron_mine":1,"minecraft:golden_boots":1,"minecraft:golden_axe":8,"supplementaries:rope_arrow":4,"minecraft:crafting_table":12,"supplementaries:jar":1,"minecraft:spruce_planks":564,"minecraft:wooden_pickaxe":1,"minecraft:iron_helmet":2,"minecraft:golden_pickaxe":26,"minecraft:gold_block":51,"minecraft:birch_planks":699,"minecraft:iron_chestplate":2,"minecraft:diamond_pickaxe":1,"minecraft:golden_leggings":1,"minecraft:stick":80,"minecraft:stone_slab":6,"minecraft:iron_ingot":110,"minecraft:iron_pickaxe":12,"minecraft:gold_ingot":734,"minecraft:deepslate_bricks":2,"minecraft:shears":1,"minecraft:cherry_planks":776,"minecraft:stone_shovel":2,"minecraft:smooth_stone_slab":6,"minecraft:golden_chestplate":1,"moonsweaponry:golden_greatsword":3,"morevanillashields:emerald_shield":1,"minecraft:furnace":1,"minecraft:glass_pane":16,"minecraft:iron_axe":3,"minecraft:spruce_slab":108,"minecraft:cherry_stairs":16,"minecraft:stone_pickaxe":2,"minecraft:golden_helmet":1,"minecraft:cooked_beef":12,"alexscaves:cooked_dinosaur_chop":4,"supplementaries:timber_cross_brace":1,"minecraft:golden_shovel":12,"securitycraft:cobblestone_mine":1,"minecraft:stone_axe":3,"minecraft:jungle_planks":124,"securitycraft:dirt_mine":2,"minecraft:wooden_axe":3,"minecraft:iron_leggings":3,"minecraft:iron_shovel":1,"minecraft:cherry_door":6,"minecraft:stonecutter":1,"minecraft:armor_stand":5,"minecraft:torch":16,"minecraft:lapis_block":2},"minecraft:used":{"minecraft:writable_book":2,"minecraft:iron_shovel":157,"minecraft:spruce_slab":65,"minecraft:chest":59,"minecraft:shield":281,"supplementaries:gold_door":6,"moonsweaponry:iron_hammer":315,"minecraft:rotten_flesh":3,"minecraft:white_candle":4,"fantasyfurniture:royal/floor_light":2,"fantasyfurniture:nordic/dresser":2,"fantasyfurniture:decorations/dunmer_pottery_1":1,"minecraft:tuff":18,"minecraft:glass":194,"moonsweaponry:golden_greatsword":453,"minecraft:lantern":9,"alexscaves:amber":1,"supplementaries:bomb_blue":1,"fantasyfurniture:necrolord/carpet":4,"minecraft:bow":38,"fantasyfurniture:nordic/chandelier":1,"minecraft:sweet_berries":44,"minecraft:furnace":3,"fantasyfurniture:decorations/cookie_jar":4,"fantasyfurniture:bone/wither/desk_right":1,"minecraft:diorite":5,"minecraft:spruce_door":1,"minecraft:stone_pickaxe":528,"minecraft:oak_planks":730,"minecraft:leather_chestplate":1,"minecraft:wooden_pickaxe":16,"fantasyfurniture:nordic/carpet":24,"minecraft:cookie":17,"minecraft:white_wool":1,"minecraft:loom":1,"fantasyfurniture:bone/wither/carpet":8,"minecraft:shears":8,"minecraft:redstone_torch":1,"fantasyfurniture:nordic/oven":1,"minecraft:firework_rocket":91,"minecraft:birch_slab":200,"fantasyfurniture:nordic/chair":6,"fantasyfurniture:decorations/muffins_chocolate":3,"minecraft:gravel":2,"minecraft:diamond_sword":51,"supplementaries:timber_cross_brace":1,"minecraft:smithing_table":1,"fantasyfurniture:decorations/book_stack":3,"minecraft:golden_pickaxe":124,"minecraft:oak_fence":66,"minecraft:enchanting_table":1,"minecraft:armor_stand":5,"minecraft:stone_shovel":146,"minecraft:spruce_planks":473,"minecraft:netherrack":34,"minecraft:torch":163,"minecraft:dirt":228,"minecraft:spyglass":7,"alexsmobs:moose_ribs":1,"fantasyfurniture:royal/chandelier":1,"fantasyfurniture:bone/wither/painting_wide":1,"alexscaves:limestone":29,"minecraft:golden_shovel":274,"minecraft:wooden_axe":110,"supplementaries:jar":1,"alexscaves:limestone_spear":18,"minecraft:bookshelf":6,"minecraft:iron_axe":813,"minecraft:cherry_slab":315,"minecraft:jungle_log":36,"evilcraft:box_of_eternal_closure":2,"evilcraft:flesh_humanoid":9,"moonsweaponry:stone_greatsword":118,"fantasyfurniture:nordic/chest":1,"securitycraft:dirt_mine":2,"minecraft:cooked_beef":6,"minecraft:cherry_log":245,"minecraft:cobbled_deepslate":824,"minecraft:golden_axe":275,"minecraft:water_bucket":15,"fantasyfurniture:venthyr/bed_double":2,"alexscaves:dinosaur_chop":1,"minecraft:birch_planks":482,"fantasyfurniture:decorations/floating_tomes":1,"fantasyfurniture:necrolord/painting_wide":1,"minecraft:birch_boat":1,"minecraft:cherry_planks":286,"minecraft:stonecutter":2,"morevanillashields:emerald_shield":103,"minecraft:cracked_stone_bricks":1,"alexscaves:primitive_club":96,"fantasyfurniture:nordic/desk_right":2,"securitycraft:cobblestone_mine":1,"anthropology_items__structures:hunters_machete":78,"minecraft:crafting_table":15,"minecraft:red_bed":3,"minecraft:smoker":2,"alexscaves:pewen_planks":14,"fantasyfurniture:dunmer/oven":1,"minecraft:oak_log":1,"fantasyfurniture:venthyr/bed_single":3,"minecraft:apple":5,"minecraft:cherry_door":39,"minecraft:iron_pickaxe":2929,"minecraft:suspicious_stew":1,"minecraft:chiseled_stone_bricks":1,"minecraft:stone_axe":610,"fantasyfurniture:furniture_station":1,"fantasyfurniture:dunmer/bookshelf":1,"minecraft:cobblestone":331,"minecraft:cherry_stairs":9,"travelersbackpack:standard":1,"minecraft:bucket":15,"minecraft:glass_pane":12,"fantasyfurniture:dunmer/chest":1,"securitycraft:deepslate_iron_mine":1,"minecraft:yellow_bed":4,"alexsmobs:animal_dictionary":2},"minecraft:custom":{"minecraft:interact_with_crafting_table":141,"minecraft:open_barrel":19,"minecraft:leave_game":48,"minecraft:time_since_death":1135,"minecraft:sprint_one_cm":964851,"minecraft:damage_blocked_by_shield":8450,"minecraft:drop":110,"minecraft:talked_to_villager":5,"minecraft:play_time":1135146,"minecraft:deaths":115,"minecraft:jump":10598,"minecraft:walk_on_water_one_cm":170861,"minecraft:enchant_item":7,"minecraft:interact_with_furnace":102,"minecraft:interact_with_loom":1,"minecraft:sleep_in_bed":35,"minecraft:damage_dealt":189120,"minecraft:player_kills":8,"minecraft:crouch_one_cm":263874,"minecraft:horse_one_cm":19535,"minecraft:interact_with_smoker":6,"minecraft:interact_with_smithing_table":7,"minecraft:mob_kills":264,"minecraft:climb_one_cm":28830,"minecraft:walk_one_cm":2948043,"minecraft:sneak_time":61325,"minecraft:walk_under_water_one_cm":239072,"minecraft:total_world_time":1135146,"minecraft:interact_with_stonecutter":3,"minecraft:time_since_rest":1162,"minecraft:damage_taken":34747,"minecraft:swim_one_cm":250744,"minecraft:fly_one_cm":1496676,"minecraft:open_chest":639,"minecraft:aviate_one_cm":1215878,"minecraft:fall_one_cm":430473},"minecraft:dropped":{"minecraft:golden_pickaxe":11,"minecraft:diamond":1,"minecraft:sandstone_stairs":2,"minecraft:leather":1,"minecraft:gold_block":33,"minecraft:dirt":2,"minecraft:mutton":1,"alexscaves:dinosaur_nugget":7,"minecraft:gold_nugget":33,"minecraft:writable_book":2,"minecraft:sand":64,"minecraft:iron_pickaxe":2,"minecraft:gold_ingot":14,"minecraft:rotten_flesh":3,"travelersbackpack:bat":1,"evilcraft:flesh_humanoid":5,"travelersbackpack:gold_tier_upgrade":1,"supplementaries:flax_seeds":2,"minecraft:chest":4,"minecraft:iron_bars":2,"minecraft:egg":1,"minecraft:firework_rocket":1,"minecraft:water_bucket":1,"minecraft:iron_ingot":9,"minecraft:wheat_seeds":32,"minecraft:cobblestone":13,"moonsweaponry:golden_greatsword":2,"minecraft:stick":46,"alexscaves:trilocaris_tail":2,"minecraft:torch":8,"minecraft:wooden_axe":1,"minecraft:map":4,"minecraft:paper":3,"minecraft:spruce_sapling":10,"minecraft:sweet_berries":5,"minecraft:stone":1,"minecraft:flower_pot":2,"alexscaves:archaic_vine":6,"alexscaves:heavy_bone":1,"minecraft:oak_sapling":9,"minecraft:sandstone":7,"minecraft:bow":1,"minecraft:stone_pickaxe":1},"minecraft:killed_by":{"minecraft:ghast":1,"doppelgangermod:dp_creeper":3,"minecraft:creeper":4,"doppelgangermod:dpgolem":2,"alexsmobs:murmur_head":2,"doppelgangermod:dpchicken":4,"minecraft:piglin":2,"minecraft:zombie":8,"alexscaves:tremorsaurus":3,"minecraft:player":9,"alexscaves:vallumraptor":8,"doppelgangermod:disguise_iron_golem":1,"alexsmobs:gelada_monkey":1,"doppelgangermod:dp_cow":1,"minecraft:skeleton":6,"alexsmobs:moose":1,"alexscaves:relicheirus":4},"minecraft:picked_up":{"alexscaves:thin_bone":1,"minecraft:birch_door":1,"minecraft:wheat":6,"travelersbackpack:bat":1,"minecraft:redstone_block":1,"minecraft:flower_pot":2,"minecraft:prismarine_shard":3,"minecraft:smithing_table":1,"alexscaves:trilocaris_tail":9,"minecraft:potion":1,"minecraft:enchanted_book":1,"fantasyfurniture:venthyr/bed_double":1,"minecraft:polished_blackstone_brick_stairs":5,"minecraft:string":39,"minecraft:raw_copper":9,"minecraft:shroomlight":1,"fantasyfurniture:nordic/chair":1,"alexsmobs:blood_sac":3,"minecraft:gold_nugget":23,"minecraft:cobbled_deepslate":974,"bosses_of_mass_destruction:soul_star":1,"minecraft:black_glazed_terracotta":2,"minecraft:spruce_planks":51,"minecraft:rose_bush":4,"minecraft:redstone_torch":3,"minecraft:iron_pickaxe":1,"alexscaves:flytrap":1,"minecraft:furnace":2,"minecraft:tipped_arrow":28,"minecraft:golden_helmet":2,"minecraft:stick":399,"minecraft:oak_fence":8,"minecraft:torch":77,"minecraft:porkchop":4,"alexscaves:heavy_bone":9,"minecraft:golden_axe":2,"minecraft:cherry_log":486,"minecraft:pointed_dripstone":2,"minecraft:diorite":5,"fantasyfurniture:decorations/cookie_jar":2,"evilcraft:box_of_eternal_closure":3,"minecraft:rotten_flesh":105,"minecraft:red_tulip":1,"alexsmobs:lost_tentacle":1,"minecraft:bookshelf":2,"supplementaries:ash":36,"evilcraft:condensed_blood":57,"alexscaves:archaic_vine":10,"minecraft:obsidian":2,"minecraft:iron_bars":8,"minecraft:snowball":7,"minecraft:cobblestone":449,"minecraft:birch_log":145,"minecraft:enchanting_table":1,"minecraft:magma_block":10,"minecraft:pink_petals":657,"minecraft:leather_chestplate":1,"minecraft:oxidized_copper":4,"minecraft:feather":4,"minecraft:repeater":1,"minecraft:cherry_planks":29,"minecraft:andesite":2,"minecraft:cherry_leaves":7,"minecraft:birch_slab":96,"minecraft:jungle_log":69,"minecraft:smoker":2,"minecraft:potato":2,"minecraft:flint":1,"minecraft:tuff":77,"evilcraft:flesh_humanoid":16,"supplementaries:flax_seeds":8,"minecraft:cherry_door":39,"travelersbackpack:gold_tier_upgrade":1,"minecraft:lapis_lazuli":125,"minecraft:dirt":613,"minecraft:lantern":10,"minecraft:weathered_cut_copper":1,"minecraft:glass":10,"minecraft:bone":60,"minecraft:bow":3,"minecraft:stonecutter":1,"minecraft:wheat_seeds":59,"minecraft:raw_gold":2,"minecraft:glowstone_dust":48,"minecraft:moss_block":11,"minecraft:oak_planks":27,"fantasyfurniture:venthyr/bed_single":2,"securitycraft:mine":1,"minecraft:chiseled_polished_blackstone":17,"minecraft:music_disc_13":1,"minecraft:warped_wart_block":80,"alexscaves:amber_curiosity":2,"minecraft:sand":392,"minecraft:spectral_arrow":12,"minecraft:ink_sac":3,"minecraft:barrel":4,"minecraft:mossy_cobblestone":8,"minecraft:white_candle":4,"minecraft:diamond":1,"minecraft:writable_book":1,"minecraft:cracked_polished_blackstone_bricks":6,"minecraft:netherrack":35,"minecraft:granite":1,"minecraft:emerald":11,"minecraft:golden_horse_armor":1,"alexsmobs:moose_ribs":1,"minecraft:bread":10,"minecraft:oak_sapling":88,"minecraft:cherry_slab":115,"minecraft:dark_oak_fence":1,"supplementaries:gold_door":2,"minecraft:crafting_table":6,"fantasyfurniture:nordic/dresser":1,"minecraft:chicken":1,"minecraft:clay_ball":64,"minecraft:redstone_lamp":2,"minecraft:gold_block":118,"minecraft:shield":3,"alexscaves:dinosaur_nugget":7,"minecraft:red_bed":3,"alexscaves:dinosaur_chop":5,"minecraft:cracked_stone_bricks":1,"minecraft:cartography_table":1,"minecraft:beef":4,"minecraft:light_gray_wool":1,"minecraft:spruce_slab":11,"supplementaries:rope":12,"minecraft:quartz_stairs":8,"minecraft:chest":27,"minecraft:birch_sapling":28,"minecraft:egg":2,"minecraft:raw_iron":2,"minecraft:sandstone":20,"minecraft:stone":1,"minecraft:cherry_stairs":1,"alexscaves:cycad":8,"minecraft:copper_ingot":1,"evilcraft:origins_of_darkness":1,"minecraft:fire_charge":1,"minecraft:polished_blackstone_bricks":29,"minecraft:trident":1,"minecraft:carrot":8,"minecraft:redstone":50,"minecraft:prismarine_crystals":2,"moonsweaponry:stone_greatsword":1,"minecraft:iron_horse_armor":1,"alexsmobs:crocodile_scute":1,"minecraft:tnt":385,"minecraft:arrow":31,"minecraft:decorated_pot":1,"moonsweaponry:golden_greatsword":2,"minecraft:beetroot_seeds":3,"minecraft:jungle_stairs":1,"minecraft:peony":1,"minecraft:sandstone_stairs":4,"minecraft:gold_ingot":32,"minecraft:polished_blackstone":3,"minecraft:glow_berries":10,"minecraft:mutton":2,"minecraft:rail":12,"minecraft:white_wool":7,"minecraft:oxeye_daisy":1,"alexscaves:pewen_log":10,"minecraft:leather":5,"minecraft:fern":5,"minecraft:birch_planks":51,"minecraft:packed_mud":11,"alexscaves:limestone":110,"minecraft:crimson_fungus":1,"minecraft:oak_log":252,"minecraft:yellow_bed":5,"minecraft:gunpowder":3,"alexscaves:ambersol":1,"alexscaves:amber":77,"minecraft:apple":15,"minecraft:stone_bricks":2,"minecraft:warped_stem":18,"minecraft:iron_ingot":13,"minecraft:stone_pickaxe":3,"alexscaves:curly_fern":16,"minecraft:soul_sand":27,"minecraft:book":12,"minecraft:warped_fungus":2,"minecraft:emerald_block":7,"minecraft:sweet_berries":39,"minecraft:chiseled_stone_bricks":1,"fantasyfurniture:decorations/muffins_chocolate":2,"minecraft:red_wool":1,"minecraft:dripstone_block":3,"minecraft:raw_iron_block":2,"fantasyfurniture:decorations/book_stack":2,"minecraft:gravel":3,"alexscaves:tree_star":19,"minecraft:spruce_sapling":53,"minecraft:white_bed":1,"minecraft:spruce_log":141,"minecraft:crying_obsidian":1,"minecraft:spruce_door":2,"minecraft:spider_eye":1,"travelersbackpack:standard":1,"minecraft:oak_wood":1,"minecraft:firework_rocket":1,"minecraft:pumpkin_seeds":4,"minecraft:warped_roots":2,"evilcraft:dark_gem":1,"alexscaves:pine_nuts":3,"minecraft:cherry_sapling":383,"minecraft:dark_oak_wood":7,"minecraft:coal":3,"alexscaves:ancient_sapling":10},"minecraft:killed":{"doppelgangermod:dp_creeper":2,"minecraft:spider":7,"alexsmobs:murmur":1,"minecraft:skeleton":30,"doppelgangermod:disguise_iron_golem":36,"minecraft:chicken":1,"minecraft:silverfish":5,"alexsmobs:skelewag":1,"minecraft:piglin":1,"doppelgangermod:dpchicken":2,"minecraft:zombie_villager":1,"minecraft:creeper":1,"alexsmobs:crimson_mosquito":3,"minecraft:sheep":2,"minecraft:trader_llama":1,"minecraft:zombie":54,"alexscaves:trilocaris":18,"minecraft:stray":2,"alexsmobs:fly":2,"doppelgangermod:dp_cow":1,"minecraft:cow":3,"alexscaves:vallumraptor":17,"alexscaves:tremorsaurus":2,"minecraft:drowned":9,"alexscaves:relicheirus":2,"alexsmobs:skunk":1,"minecraft:frog":1,"minecraft:hoglin":1,"alexsmobs:gelada_monkey":1,"alexsmobs:crocodile":1,"alexscaves:subterranodon":1,"alexsmobs:moose":1,"doppelgangermod:dpgolem":37,"alexscaves:grottoceratops":3,"minecraft:enderman":1},"minecraft:broken":{"morevanillashields:emerald_shield":1,"minecraft:iron_boots":2,"minecraft:iron_chestplate":1,"minecraft:golden_shovel":8,"minecraft:iron_leggings":2,"minecraft:stone_pickaxe":4,"moonsweaponry:iron_hammer":1,"minecraft:stone_axe":3,"minecraft:wooden_axe":2,"moonsweaponry:golden_greatsword":2,"minecraft:stone_shovel":1,"minecraft:leather_chestplate":1,"minecraft:shield":1,"minecraft:golden_axe":8,"moonsweaponry:stone_greatsword":1,"minecraft:iron_axe":3,"minecraft:iron_pickaxe":9,"minecraft:iron_helmet":2,"minecraft:golden_pickaxe":3},"minecraft:mined":{"minecraft:spruce_planks":24,"minecraft:white_bed":6,"minecraft:cherry_log":531,"alexscaves:limestone":108,"minecraft:granite":3,"minecraft:chiseled_polished_blackstone":16,"minecraft:grass_block":328,"alexscaves:pewen_branch":1,"minecraft:jungle_log":78,"minecraft:cracked_polished_blackstone_bricks":3,"fantasyfurniture:nordic/chair":1,"minecraft:crimson_fungus":1,"minecraft:chiseled_stone_bricks":1,"minecraft:spawner":1,"minecraft:sandstone_stairs":2,"minecraft:potted_fern":1,"minecraft:polished_blackstone_bricks":10,"minecraft:tall_seagrass":6,"minecraft:raw_iron_block":4,"minecraft:magma_block":13,"minecraft:glowstone":16,"minecraft:fire":6,"minecraft:iron_ore":62,"minecraft:barrel":3,"minecraft:cobbled_deepslate":61,"fantasyfurniture:venthyr/bed_double":1,"minecraft:deepslate_lapis_ore":9,"minecraft:enchanting_table":1,"amendments:wall_lantern":3,"minecraft:iron_bars":11,"alexscaves:ambersol":1,"minecraft:spruce_slab":6,"minecraft:deepslate_redstone_ore":42,"alexscaves:amber":64,"minecraft:red_bed":6,"minecraft:kelp_plant":2,"minecraft:crimson_nylium":2,"minecraft:smoker":2,"supplementaries:timber_cross_brace":1,"minecraft:oxidized_cut_copper_stairs":1,"minecraft:clay":18,"alexscaves:dinosaur_chop":1,"minecraft:torch":9,"alexscaves:ancient_leaves":2,"minecraft:jungle_stairs":1,"minecraft:dark_oak_wood":7,"minecraft:oxidized_copper":4,"minecraft:chest":21,"minecraft:nether_quartz_ore":162,"minecraft:glass":12,"minecraft:cobblestone":213,"minecraft:white_candle":1,"minecraft:oak_planks":32,"minecraft:wall_torch":6,"minecraft:cherry_slab":75,"minecraft:deepslate_copper_ore":12,"minecraft:pink_petals":146,"minecraft:warped_nylium":1,"minecraft:repeater":1,"evilcraft:dark_ore_deepslate":12,"minecraft:birch_log":87,"minecraft:wheat":6,"minecraft:cherry_door":29,"minecraft:warped_fungus":2,"minecraft:birch_door":1,"minecraft:tnt":396,"supplementaries:gold_door":2,"minecraft:grass":98,"minecraft:oak_log":265,"minecraft:sand":308,"minecraft:dirt":102,"minecraft:netherrack":32,"minecraft:nether_gold_ore":22,"minecraft:potted_red_tulip":1,"fantasyfurniture:decorations/cookie_jar":2,"minecraft:stonecutter":1,"minecraft:deepslate":819,"minecraft:emerald_block":6,"minecraft:oak_leaves":17,"minecraft:redstone_lamp":2,"minecraft:infested_deepslate":2,"minecraft:tuff":637,"minecraft:quartz_stairs":9,"minecraft:mossy_cobblestone":5,"minecraft:deepslate_diamond_ore":11,"minecraft:sea_lantern":1,"fantasyfurniture:venthyr/bed_single":2,"minecraft:dark_oak_fence":1,"minecraft:decorated_pot":2,"alexscaves:pewen_log":10,"minecraft:crimson_roots":1,"minecraft:redstone_wire":10,"minecraft:birch_slab":74,"minecraft:spruce_leaves":8,"minecraft:moss_block":11,"minecraft:cartography_table":1,"minecraft:sandstone":18,"minecraft:large_fern":11,"supplementaries:rope":4,"alexscaves:archaic_vine_plant":2,"minecraft:packed_mud":10,"minecraft:furnace":2,"minecraft:carrots":3,"minecraft:black_glazed_terracotta":2,"minecraft:nether_sprouts":2,"evilcraft:box_of_eternal_closure":2,"minecraft:andesite":2,"minecraft:gold_block":99,"evilcraft:dark_ore":2,"minecraft:peony":3,"minecraft:shroomlight":2,"minecraft:warped_stem":18,"minecraft:bookshelf":4,"minecraft:potatoes":2,"minecraft:cobblestone_slab":1,"minecraft:deepslate_iron_ore":109,"minecraft:vine":2,"minecraft:rail":7,"minecraft:lantern":8,"alexscaves:curly_fern":16,"minecraft:stone":239,"minecraft:cherry_stairs":1,"minecraft:white_wool":4,"minecraft:redstone_wall_torch":1,"minecraft:smithing_table":1,"minecraft:redstone_block":1,"minecraft:cherry_planks":13,"minecraft:soul_sand":27,"minecraft:spruce_door":2,"minecraft:oak_fence":4,"minecraft:crafting_table":6,"alexscaves:flytrap":1,"minecraft:oak_wood":1,"minecraft:warped_roots":2,"alexscaves:tree_star":3,"minecraft:copper_ore":28,"minecraft:tall_grass":6,"minecraft:deepslate_gold_ore":60,"minecraft:polished_blackstone_brick_stairs":1,"alexscaves:archaic_vine":3,"minecraft:diorite":5,"minecraft:warped_wart_block":118,"supplementaries:urn":24,"minecraft:spruce_stairs":2,"minecraft:birch_planks":45,"minecraft:sweet_berry_bush":1,"minecraft:spruce_log":137,"minecraft:birch_leaves":3,"minecraft:weathered_cut_copper":1,"minecraft:yellow_bed":4,"minecraft:coal_ore":269,"evilcraft:blood_stain":6,"alexscaves:cycad":4,"minecraft:cherry_leaves":16,"minecraft:gravel":3,"minecraft:cobweb":12,"minecraft:cracked_stone_bricks":1,"minecraft:polished_blackstone":2,"minecraft:stone_bricks":2,"fantasyfurniture:nordic/dresser":1,"minecraft:fern":10}},"DataVersion":3465}