{"stats":{"minecraft:crafted":{"minecraft:smooth_stone":6,"fantasyfurniture:furniture_station":1,"travelersbackpack:crafting_upgrade":1,"minecraft:birch_boat":1,"minecraft:birch_slab":252,"minecraft:loom":1,"minecraft:bookshelf":4,"minecraft:glass":216,"minecraft:quartz_block":80,"minecraft:chiseled_quartz_block":15,"minecraft:golden_axe":8,"minecraft:golden_pickaxe":26,"minecraft:golden_leggings":1,"minecraft:stone_slab":6,"minecraft:iron_pickaxe":12,"minecraft:iron_block":37,"minecraft:gold_ingot":824,"minecraft:netherite_ingot":1,"minecraft:stone_shovel":2,"minecraft:smooth_stone_slab":6,"moonsweaponry:golden_greatsword":5,"travelersbackpack:blank_upgrade":4,"travelersbackpack:gold_tier_upgrade":1,"minecraft:spruce_slab":108,"minecraft:cherry_stairs":16,"minecraft:stone_pickaxe":2,"minecraft:quartz_slab":30,"minecraft:redstone_block":44,"minecraft:golden_helmet":1,"alexscaves:cooked_dinosaur_chop":4,"supplementaries:timber_cross_brace":1,"securitycraft:cobblestone_mine":1,"minecraft:wooden_axe":3,"minecraft:iron_shovel":1,"minecraft:iron_leggings":3,"minecraft:armor_stand":5,"securitycraft:mine":6,"minecraft:oak_planks":912,"supplementaries:gold_door":6,"minecraft:cherry_slab":282,"travelersbackpack:hose_nozzle":1,"moonsweaponry:diamond_greatsword":2,"minecraft:stone":12,"alexscaves:pewen_planks":40,"minecraft:green_dye":8,"minecraft:warped_planks":4,"minecraft:iron_boots":2,"alexscaves:serene_salad":3,"minecraft:chest":37,"alexscaves:primitive_club":1,"minecraft:oak_fence":81,"moonsweaponry:iron_hammer":2,"securitycraft:deepslate_iron_mine":1,"minecraft:golden_boots":1,"supplementaries:rope_arrow":4,"travelersbackpack:iron_tier_upgrade":1,"minecraft:cauldron":4,"supplementaries:jar":1,"minecraft:crafting_table":13,"minecraft:spruce_planks":564,"minecraft:wooden_pickaxe":1,"minecraft:iron_helmet":2,"minecraft:gold_block":72,"minecraft:birch_planks":699,"minecraft:iron_chestplate":2,"minecraft:diamond_pickaxe":1,"minecraft:shield":1,"minecraft:stick":80,"minecraft:iron_ingot":576,"minecraft:deepslate_bricks":2,"minecraft:shears":1,"minecraft:cherry_planks":776,"minecraft:golden_chestplate":1,"morevanillashields:emerald_shield":1,"minecraft:furnace":1,"minecraft:glass_pane":16,"minecraft:diamond_block":1,"minecraft:iron_axe":3,"minecraft:netherite_scrap":4,"moonsweaponry:golden_halberd":1,"travelersbackpack:hose":1,"minecraft:cooked_beef":12,"editenchanting:enchantment_edit_table":1,"moonsweaponry:golden_katana":1,"travelersbackpack:backpack_tank":2,"minecraft:golden_shovel":13,"minecraft:stone_axe":3,"minecraft:air":0,"minecraft:jungle_planks":124,"securitycraft:dirt_mine":2,"moonsweaponry:golden_hammer":1,"minecraft:cherry_door":6,"minecraft:stonecutter":1,"minecraft:anvil":1,"minecraft:torch":216,"minecraft:lapis_block":2},"minecraft:used":{"minecraft:writable_book":2,"minecraft:spruce_slab":109,"minecraft:chest":59,"minecraft:stone":52,"minecraft:rotten_flesh":3,"fantasyfurniture:royal/floor_light":2,"minecraft:stripped_spruce_log":111,"moonsweaponry:golden_greatsword":715,"minecraft:grass_block":664,"supplementaries:bomb_blue":5,"minecraft:bow":38,"minecraft:sweet_berries":44,"minecraft:furnace":3,"fantasyfurniture:bone/wither/desk_right":1,"minecraft:diorite":5,"minecraft:spruce_door":1,"minecraft:cactus":9,"minecraft:blackstone":10,"minecraft:leather_chestplate":1,"minecraft:wooden_pickaxe":16,"moonsweaponry:golden_hammer":9,"minecraft:cookie":17,"minecraft:sand":18,"fantasyfurniture:nordic/oven":1,"minecraft:birch_slab":200,"fantasyfurniture:decorations/muffins_chocolate":3,"fantasyfurniture:nordic/chair":6,"minecraft:diamond_sword":51,"minecraft:fire_charge":1,"minecraft:smithing_table":1,"moonsweaponry:golden_katana":6,"fantasyfurniture:decorations/book_stack":3,"minecraft:enchanting_table":1,"minecraft:armor_stand":5,"minecraft:netherrack":34,"minecraft:torch":549,"minecraft:anvil":1,"fantasyfurniture:royal/chandelier":1,"fantasyfurniture:bone/wither/painting_wide":1,"minecraft:golden_shovel":342,"minecraft:iron_axe":813,"minecraft:cherry_slab":315,"minecraft:jungle_log":36,"moonsweaponry:stone_greatsword":118,"securitycraft:dirt_mine":2,"travelersbackpack:hose":31,"minecraft:cherry_log":245,"minecraft:cobbled_deepslate":877,"minecraft:golden_axe":275,"minecraft:pointed_dripstone":10,"minecraft:water_bucket":98,"minecraft:birch_planks":482,"fantasyfurniture:decorations/floating_tomes":2,"fantasyfurniture:necrolord/painting_wide":1,"minecraft:cherry_planks":286,"minecraft:cauldron":6,"minecraft:spruce_fence_gate":2,"morevanillashields:emerald_shield":103,"minecraft:cracked_stone_bricks":1,"minecraft:polished_blackstone_bricks":1,"alexscaves:primitive_club":117,"fantasyfurniture:nordic/desk_right":2,"securitycraft:cobblestone_mine":1,"supplementaries:bomb":6,"minecraft:tnt":52,"minecraft:crafting_table":15,"minecraft:red_bed":3,"minecraft:oak_log":1,"minecraft:diamond_pickaxe":1467,"fantasyfurniture:venthyr/bed_single":3,"minecraft:iron_pickaxe":2955,"minecraft:suspicious_stew":1,"minecraft:spruce_trapdoor":17,"minecraft:chiseled_stone_bricks":1,"fantasyfurniture:dunmer/bookshelf":1,"fantasyfurniture:furniture_station":1,"minecraft:cobblestone":398,"travelersbackpack:standard":3,"minecraft:glass_pane":12,"fantasyfurniture:dunmer/chest":1,"alexscaves:nuclear_bomb":1,"moonsweaponry:diamond_greatsword":114,"minecraft:iron_shovel":157,"minecraft:shield":349,"supplementaries:gold_door":6,"moonsweaponry:iron_hammer":315,"minecraft:white_candle":4,"fantasyfurniture:nordic/dresser":2,"fantasyfurniture:decorations/dunmer_pottery_1":1,"minecraft:tuff":162,"securitycraft:diamond_mine":37,"minecraft:glass":194,"minecraft:lantern":28,"alexscaves:amber":1,"minecraft:stone_bricks":52,"fantasyfurniture:necrolord/carpet":4,"fantasyfurniture:nordic/chandelier":1,"fantasyfurniture:decorations/cookie_jar":4,"minecraft:stone_pickaxe":528,"minecraft:oak_planks":730,"fantasyfurniture:nordic/carpet":24,"minecraft:sugar_cane":12,"minecraft:white_wool":1,"minecraft:loom":1,"fantasyfurniture:bone/wither/carpet":8,"minecraft:stone_brick_wall":19,"minecraft:shears":33,"minecraft:redstone_torch":1,"minecraft:firework_rocket":91,"editenchanting:enchantment_edit_table":1,"minecraft:gravel":15,"moonsweaponry:golden_halberd":29,"minecraft:grindstone":1,"supplementaries:timber_cross_brace":1,"minecraft:golden_pickaxe":343,"minecraft:oak_fence":168,"minecraft:flint_and_steel":22,"minecraft:stone_shovel":146,"minecraft:spruce_planks":473,"minecraft:dirt":262,"minecraft:spyglass":7,"alexsmobs:moose_ribs":1,"minecraft:spruce_stairs":16,"alexscaves:limestone":38,"minecraft:spruce_fence":20,"supplementaries:jar":1,"alexscaves:limestone_spear":18,"minecraft:wooden_axe":110,"minecraft:bookshelf":6,"minecraft:oak_stairs":9,"evilcraft:box_of_eternal_closure":2,"evilcraft:flesh_humanoid":9,"alexscaves:spelunkery_table":1,"minecraft:golden_carrot":20,"fantasyfurniture:nordic/chest":1,"minecraft:cooked_beef":6,"fantasyfurniture:venthyr/bed_double":2,"alexscaves:dinosaur_chop":1,"minecraft:birch_boat":1,"minecraft:spruce_sign":17,"minecraft:stonecutter":2,"anthropology_items__structures:hunters_machete":78,"minecraft:smoker":2,"alexscaves:pewen_planks":14,"fantasyfurniture:dunmer/oven":1,"minecraft:apple":5,"minecraft:cherry_door":39,"minecraft:cracked_polished_blackstone_bricks":1,"moonsweaponry:netherite_greatsword":22,"minecraft:stone_axe":626,"minecraft:fishing_rod":7,"minecraft:cherry_stairs":9,"minecraft:bucket":97,"minecraft:yellow_bed":4,"securitycraft:deepslate_iron_mine":1,"alexsmobs:animal_dictionary":2},"minecraft:custom":{"minecraft:interact_with_crafting_table":177,"minecraft:open_barrel":45,"minecraft:leave_game":49,"minecraft:time_since_death":131677,"minecraft:damage_blocked_by_shield":10840,"minecraft:play_time":1611010,"minecraft:deaths":157,"minecraft:jump":15351,"minecraft:enchant_item":7,"minecraft:interact_with_furnace":153,"minecraft:sleep_in_bed":36,"minecraft:damage_dealt":288664,"minecraft:interact_with_smoker":9,"minecraft:horse_one_cm":19535,"minecraft:interact_with_smithing_table":11,"minecraft:interact_with_anvil":10,"minecraft:sneak_time":70804,"minecraft:total_world_time":1611010,"minecraft:interact_with_stonecutter":3,"minecraft:time_since_rest":131706,"minecraft:swim_one_cm":269475,"minecraft:fly_one_cm":2439334,"minecraft:open_chest":1050,"minecraft:fall_one_cm":564073,"minecraft:sprint_one_cm":1386748,"minecraft:drop":192,"minecraft:talked_to_villager":5,"minecraft:walk_on_water_one_cm":264844,"minecraft:interact_with_loom":2,"minecraft:player_kills":9,"minecraft:crouch_one_cm":279230,"minecraft:mob_kills":405,"minecraft:climb_one_cm":32690,"minecraft:walk_one_cm":3982919,"minecraft:walk_under_water_one_cm":295371,"minecraft:damage_taken":53840,"minecraft:aviate_one_cm":1215878},"minecraft:dropped":{"minecraft:diamond":1,"minecraft:sandstone_stairs":2,"minecraft:gold_block":33,"minecraft:dirt":657,"alexscaves:dinosaur_nugget":7,"minecraft:gold_nugget":33,"minecraft:writable_book":2,"minecraft:sand":64,"minecraft:iron_pickaxe":2,"minecraft:bone":4,"minecraft:rotten_flesh":3,"minecraft:golden_shovel":1,"evilcraft:flesh_humanoid":5,"supplementaries:flax_seeds":2,"minecraft:beef":10,"minecraft:egg":1,"minecraft:iron_ingot":90,"minecraft:wheat_seeds":35,"minecraft:cobblestone":333,"minecraft:spruce_door":1,"alexscaves:trilocaris_tail":2,"minecraft:golden_carrot":13,"minecraft:wooden_axe":1,"alexscaves:primitive_club":1,"minecraft:paper":3,"minecraft:string":1,"minecraft:spruce_sapling":70,"minecraft:stone":1,"minecraft:flower_pot":2,"alexscaves:archaic_vine":6,"alexscaves:heavy_bone":1,"minecraft:sandstone":7,"minecraft:bow":1,"minecraft:oak_log":10,"minecraft:golden_pickaxe":15,"minecraft:leather":5,"minecraft:mutton":1,"minecraft:gold_ingot":14,"travelersbackpack:bat":1,"moonsweaponry:diamond_greatsword":1,"travelersbackpack:gold_tier_upgrade":1,"minecraft:stone_brick_wall":1,"minecraft:chest":4,"minecraft:iron_bars":2,"minecraft:arrow":2,"minecraft:firework_rocket":1,"minecraft:water_bucket":1,"minecraft:poisonous_potato":1,"minecraft:golden_axe":2,"moonsweaponry:golden_greatsword":2,"minecraft:stick":59,"minecraft:torch":8,"minecraft:map":4,"minecraft:sweet_berries":5,"supplementaries:bomb":2,"minecraft:raw_iron":128,"moonsweaponry:netherite_greatsword":1,"minecraft:oak_sapling":15,"minecraft:stone_pickaxe":1,"travelersbackpack:hose":1},"minecraft:killed_by":{"doppelgangermod:dp_creeper":6,"minecraft:piglin_brute":9,"minecraft:zombie":10,"minecraft:husk":1,"alexscaves:vallumraptor":8,"doppelgangermod:dp_cow":3,"alexsmobs:centipede_head":2,"alexsmobs:moose":1,"minecraft:ghast":1,"minecraft:zombified_piglin":2,"minecraft:creeper":6,"doppelgangermod:dpgolem":3,"alexsmobs:murmur_head":2,"doppelgangermod:dpchicken":5,"minecraft:piglin":2,"minecraft:cave_spider":1,"alexscaves:grottoceratops":1,"alexscaves:tremorsaurus":3,"minecraft:player":14,"minecraft:enderman":2,"doppelgangermod:disguise_iron_golem":1,"alexsmobs:gelada_monkey":1,"minecraft:skeleton":6,"alexscaves:relicheirus":4},"minecraft:picked_up":{"alexscaves:thin_bone":1,"minecraft:birch_door":1,"minecraft:prismarine_shard":7,"minecraft:flower_pot":2,"minecraft:smithing_table":1,"alexscaves:trilocaris_tail":9,"minecraft:enchanted_book":4,"fantasyfurniture:venthyr/bed_double":1,"minecraft:string":131,"minecraft:polished_blackstone_brick_stairs":5,"minecraft:shroomlight":1,"fantasyfurniture:nordic/chair":1,"minecraft:gold_nugget":41,"minecraft:cobbled_deepslate":1069,"bosses_of_mass_destruction:soul_star":2,"minecraft:black_glazed_terracotta":2,"minecraft:spruce_planks":51,"minecraft:golden_helmet":2,"minecraft:golden_axe":4,"minecraft:cherry_log":486,"minecraft:cauldron":2,"fantasyfurniture:decorations/cookie_jar":2,"evilcraft:box_of_eternal_closure":3,"minecraft:red_tulip":1,"minecraft:glowstone":5,"minecraft:bookshelf":2,"supplementaries:ash":107,"alexscaves:archaic_vine":10,"minecraft:iron_bars":8,"minecraft:snowball":7,"minecraft:birch_log":145,"minecraft:magma_block":10,"minecraft:feather":5,"minecraft:oxidized_copper":4,"minecraft:cherry_leaves":7,"minecraft:birch_slab":96,"minecraft:jungle_log":69,"minecraft:smoker":2,"minecraft:flint":1,"travelersbackpack:gold_tier_upgrade":1,"minecraft:cherry_door":39,"minecraft:lantern":11,"minecraft:stonecutter":1,"fantasyfurniture:decorations/floating_tomes":1,"minecraft:glowstone_dust":48,"minecraft:moss_block":11,"securitycraft:mine":1,"minecraft:chiseled_polished_blackstone":17,"minecraft:warped_wart_block":80,"alexscaves:amber_curiosity":2,"minecraft:ink_sac":3,"minecraft:barrel":4,"minecraft:white_candle":4,"minecraft:snout_armor_trim_smithing_template":3,"minecraft:writable_book":1,"minecraft:granite":1,"minecraft:golden_horse_armor":1,"minecraft:bread":10,"minecraft:plenty_pottery_sherd":1,"alexsmobs:maggot":4,"minecraft:cherry_slab":115,"minecraft:dark_oak_fence":1,"supplementaries:gold_door":2,"minecraft:crafting_table":6,"minecraft:clay_ball":192,"minecraft:redstone_lamp":2,"minecraft:red_bed":3,"minecraft:flint_and_steel":1,"supplementaries:bomb":1,"minecraft:cracked_stone_bricks":1,"minecraft:cartography_table":1,"minecraft:beef":14,"minecraft:iron_nugget":87,"minecraft:spruce_slab":11,"supplementaries:rope":12,"minecraft:quartz_stairs":8,"minecraft:chest":27,"minecraft:birch_sapling":28,"minecraft:egg":2,"minecraft:sandstone":23,"minecraft:stone":1,"alexscaves:cycad":8,"minecraft:fire_charge":1,"minecraft:carrot":9,"minecraft:redstone":83,"minecraft:prismarine_crystals":4,"moonsweaponry:stone_greatsword":1,"minecraft:tnt":390,"minecraft:decorated_pot":3,"moonsweaponry:golden_greatsword":2,"minecraft:beetroot_seeds":3,"minecraft:peony":1,"minecraft:sandstone_stairs":6,"minecraft:gold_ingot":32,"minecraft:polished_blackstone":3,"minecraft:mutton":2,"minecraft:glow_berries":10,"minecraft:rail":16,"minecraft:white_wool":7,"minecraft:oxeye_daisy":1,"minecraft:stripped_oak_log":2,"alexscaves:pewen_log":10,"minecraft:fern":5,"minecraft:packed_mud":11,"minecraft:oak_log":262,"minecraft:ancient_debris":3,"minecraft:golden_boots":2,"alexscaves:ambersol":1,"minecraft:apple":16,"minecraft:stone_bricks":2,"minecraft:warped_stem":18,"minecraft:wild_armor_trim_smithing_template":1,"minecraft:stone_pickaxe":3,"minecraft:cobweb":25,"minecraft:sweet_berries":39,"minecraft:red_wool":1,"fantasyfurniture:decorations/muffins_chocolate":2,"minecraft:gravel":17,"minecraft:spruce_sapling":113,"minecraft:spruce_log":141,"minecraft:crying_obsidian":10,"minecraft:oak_wood":1,"travelersbackpack:standard":1,"minecraft:firework_rocket":1,"alexscaves:pine_nuts":3,"minecraft:warped_roots":2,"minecraft:polished_blackstone_brick_wall":1,"minecraft:ender_pearl":1,"minecraft:wheat":6,"travelersbackpack:bat":1,"minecraft:redstone_block":1,"minecraft:potion":3,"minecraft:gilded_blackstone":17,"minecraft:nether_brick":12,"minecraft:raw_copper":9,"alexsmobs:blood_sac":3,"minecraft:rose_bush":4,"minecraft:redstone_torch":3,"minecraft:iron_pickaxe":1,"minecraft:iron_boots":2,"alexscaves:flytrap":1,"minecraft:furnace":2,"minecraft:tipped_arrow":28,"minecraft:stick":418,"minecraft:oak_fence":9,"minecraft:torch":115,"alexscaves:heavy_bone":9,"minecraft:porkchop":15,"minecraft:pointed_dripstone":33,"minecraft:diorite":5,"minecraft:cactus":22,"minecraft:rotten_flesh":155,"supplementaries:antique_ink":3,"alexsmobs:lost_tentacle":1,"evilcraft:condensed_blood":57,"minecraft:obsidian":4,"minecraft:cobblestone":1245,"minecraft:enchanting_table":1,"minecraft:pink_petals":657,"minecraft:leather_chestplate":1,"minecraft:cherry_planks":29,"minecraft:repeater":1,"minecraft:andesite":2,"minecraft:potato":2,"minecraft:tuff":88,"evilcraft:flesh_humanoid":18,"supplementaries:flax_seeds":21,"minecraft:lapis_lazuli":125,"minecraft:dirt":2232,"minecraft:weathered_cut_copper":1,"minecraft:glass":10,"minecraft:bone":118,"minecraft:bow":5,"minecraft:raw_gold":3,"minecraft:wheat_seeds":64,"minecraft:grindstone":1,"minecraft:oak_planks":27,"fantasyfurniture:venthyr/bed_single":2,"minecraft:cooked_porkchop":21,"minecraft:music_disc_13":1,"minecraft:poisonous_potato":1,"evilcraft:dark_gem_crushed":39,"minecraft:sand":417,"minecraft:grass_block":3,"minecraft:diamond_block":1,"minecraft:spectral_arrow":12,"minecraft:mossy_cobblestone":8,"minecraft:diamond":2,"minecraft:cracked_polished_blackstone_bricks":7,"minecraft:crossbow":3,"minecraft:golden_apple":5,"minecraft:spruce_sign":2,"alexsmobs:moose_ribs":1,"minecraft:emerald":20,"minecraft:piglin_banner_pattern":1,"minecraft:oak_sapling":108,"minecraft:netherrack":43,"fantasyfurniture:nordic/dresser":1,"minecraft:splash_potion":2,"minecraft:chicken":1,"minecraft:stone_brick_wall":1,"minecraft:gold_block":118,"minecraft:chain":8,"minecraft:brick":3,"minecraft:shield":3,"alexscaves:dinosaur_nugget":7,"alexscaves:dinosaur_chop":5,"minecraft:blackstone":12,"minecraft:light_gray_wool":1,"minecraft:sugar_cane":15,"minecraft:raw_iron":34,"minecraft:cherry_stairs":1,"minecraft:copper_ingot":1,"evilcraft:origins_of_darkness":1,"minecraft:polished_blackstone_bricks":31,"minecraft:trident":1,"minecraft:iron_horse_armor":1,"alexsmobs:crocodile_scute":1,"travelersbackpack:hose":1,"minecraft:arrow":69,"minecraft:jungle_stairs":1,"alexscaves:spelunkery_table":1,"minecraft:black_banner":1,"minecraft:golden_carrot":10,"minecraft:glow_ink_sac":11,"minecraft:leather":18,"minecraft:birch_planks":51,"alexscaves:limestone":119,"minecraft:crimson_fungus":19,"minecraft:yellow_bed":5,"minecraft:gunpowder":16,"alexscaves:amber":77,"minecraft:iron_ingot":20,"alexscaves:curly_fern":16,"minecraft:soul_sand":27,"minecraft:book":16,"minecraft:emerald_block":7,"minecraft:warped_fungus":2,"minecraft:chiseled_stone_bricks":1,"minecraft:quartz":28,"fantasyfurniture:decorations/book_stack":2,"minecraft:raw_iron_block":2,"minecraft:dripstone_block":5,"alexscaves:tree_star":19,"minecraft:amethyst_shard":10,"minecraft:white_bed":1,"minecraft:spruce_door":3,"minecraft:spider_eye":16,"minecraft:pumpkin_seeds":4,"evilcraft:dark_gem":1,"minecraft:cherry_sapling":383,"minecraft:terracotta":1,"minecraft:dark_oak_wood":7,"minecraft:coal":45,"alexscaves:ancient_sapling":10},"minecraft:killed":{"minecraft:cave_spider":2,"doppelgangermod:dp_creeper":3,"alexsmobs:murmur":1,"minecraft:skeleton":43,"doppelgangermod:disguise_iron_golem":54,"minecraft:chicken":1,"alexsmobs:skelewag":1,"doppelgangermod:dpchicken":22,"minecraft:zombie":79,"alexscaves:trilocaris":18,"alexsmobs:roadrunner":1,"minecraft:glow_squid":1,"minecraft:cow":4,"minecraft:husk":1,"minecraft:frog":1,"alexsmobs:gelada_monkey":1,"alexsmobs:crocodile":2,"doppelgangermod:dpgolem":52,"alexscaves:grottoceratops":3,"minecraft:enderman":3,"minecraft:spider":20,"minecraft:silverfish":5,"minecraft:piglin_brute":5,"minecraft:piglin":4,"minecraft:zombie_villager":2,"minecraft:creeper":9,"alexsmobs:crimson_mosquito":3,"minecraft:sheep":2,"minecraft:trader_llama":1,"alexsmobs:sunbird":1,"minecraft:stray":2,"alexsmobs:fly":2,"alexscaves:vallumraptor":17,"doppelgangermod:dp_cow":5,"alexscaves:tremorsaurus":2,"minecraft:drowned":10,"alexscaves:relicheirus":2,"alexsmobs:skunk":1,"minecraft:hoglin":1,"alexscaves:subterranodon":1,"alexsmobs:moose":1},"minecraft:broken":{"minecraft:golden_boots":1,"minecraft:iron_boots":2,"minecraft:iron_chestplate":2,"minecraft:iron_leggings":3,"moonsweaponry:iron_hammer":1,"minecraft:shield":2,"moonsweaponry:stone_greatsword":1,"minecraft:iron_axe":3,"minecraft:iron_pickaxe":9,"minecraft:iron_helmet":2,"minecraft:golden_helmet":5,"morevanillashields:emerald_shield":1,"minecraft:leather_leggings":1,"minecraft:golden_shovel":10,"minecraft:golden_leggings":2,"minecraft:stone_pickaxe":4,"minecraft:stone_axe":3,"minecraft:wooden_axe":2,"moonsweaponry:golden_greatsword":4,"minecraft:stone_shovel":1,"minecraft:golden_chestplate":3,"minecraft:leather_chestplate":1,"minecraft:golden_axe":8,"minecraft:golden_pickaxe":8},"minecraft:mined":{"minecraft:white_bed":6,"minecraft:cherry_log":531,"alexscaves:limestone":117,"minecraft:granite":3,"minecraft:chiseled_polished_blackstone":16,"minecraft:jungle_log":78,"minecraft:crimson_fungus":1,"minecraft:chiseled_stone_bricks":1,"minecraft:spawner":2,"minecraft:potted_fern":1,"minecraft:polished_blackstone_bricks":13,"minecraft:tall_seagrass":6,"minecraft:magma_block":13,"minecraft:cobbled_deepslate":61,"minecraft:fire":7,"minecraft:barrel":3,"fantasyfurniture:venthyr/bed_double":1,"minecraft:deepslate_lapis_ore":19,"minecraft:enchanting_table":1,"amendments:wall_lantern":3,"alexscaves:amber":64,"minecraft:red_bed":6,"minecraft:kelp_plant":2,"minecraft:smoker":2,"minecraft:crimson_nylium":2,"minecraft:amethyst_cluster":1,"supplementaries:timber_cross_brace":1,"minecraft:oxidized_cut_copper_stairs":1,"minecraft:torch":18,"minecraft:dark_oak_wood":7,"minecraft:oxidized_copper":4,"minecraft:dead_bush":1,"minecraft:glass":12,"minecraft:white_candle":1,"minecraft:sugar_cane":12,"minecraft:cherry_slab":75,"minecraft:repeater":1,"minecraft:wheat":6,"minecraft:birch_door":1,"minecraft:warped_fungus":2,"minecraft:grass":117,"minecraft:stonecutter":1,"fantasyfurniture:decorations/cookie_jar":2,"minecraft:deepslate":916,"minecraft:infested_deepslate":2,"minecraft:mossy_cobblestone":5,"minecraft:sea_lantern":2,"fantasyfurniture:venthyr/bed_single":2,"minecraft:dark_oak_fence":1,"alexscaves:pewen_log":10,"minecraft:crimson_roots":1,"minecraft:redstone_wire":10,"minecraft:moss_block":11,"minecraft:cartography_table":1,"supplementaries:rope":4,"alexscaves:archaic_vine_plant":2,"minecraft:redstone_ore":6,"minecraft:packed_mud":10,"evilcraft:box_of_eternal_closure":2,"minecraft:andesite":2,"minecraft:potatoes":2,"minecraft:cobblestone_slab":1,"minecraft:vine":2,"minecraft:rail":7,"minecraft:warped_stem":18,"minecraft:white_wool":4,"minecraft:smithing_table":1,"minecraft:redstone_block":1,"minecraft:cherry_planks":13,"minecraft:soul_sand":27,"minecraft:polished_blackstone_brick_wall":1,"alexscaves:flytrap":1,"minecraft:emerald_ore":1,"minecraft:warped_roots":2,"minecraft:tall_grass":9,"minecraft:copper_ore":28,"minecraft:deepslate_gold_ore":118,"alexscaves:archaic_vine":3,"minecraft:diorite":6,"minecraft:warped_wart_block":118,"minecraft:spruce_log":137,"minecraft:birch_leaves":3,"minecraft:weathered_cut_copper":1,"alexscaves:cycad":4,"minecraft:gravel":6,"minecraft:dripstone_block":2,"minecraft:cobweb":37,"minecraft:polished_blackstone":2,"minecraft:stone_bricks":2,"fantasyfurniture:nordic/dresser":1,"minecraft:fern":10,"minecraft:large_amethyst_bud":1,"minecraft:spruce_planks":24,"minecraft:grass_block":643,"alexscaves:pewen_branch":1,"minecraft:cracked_polished_blackstone_bricks":4,"fantasyfurniture:nordic/chair":1,"minecraft:gilded_blackstone":16,"minecraft:sandstone_stairs":4,"minecraft:raw_iron_block":7,"minecraft:glowstone":16,"minecraft:iron_ore":158,"minecraft:pointed_dripstone":10,"minecraft:iron_bars":11,"alexscaves:ambersol":1,"minecraft:spruce_slab":6,"minecraft:deepslate_redstone_ore":105,"minecraft:clay":50,"alexscaves:dinosaur_chop":1,"minecraft:jungle_stairs":1,"alexscaves:ancient_leaves":2,"minecraft:chest":21,"supplementaries:wild_flax":2,"minecraft:nether_quartz_ore":192,"minecraft:cobblestone":217,"minecraft:grindstone":1,"minecraft:oak_planks":32,"minecraft:wall_torch":10,"minecraft:pink_petals":146,"minecraft:cauldron":2,"minecraft:deepslate_copper_ore":32,"minecraft:warped_nylium":1,"evilcraft:dark_ore_deepslate":28,"minecraft:birch_log":87,"minecraft:cherry_door":29,"minecraft:tnt":401,"supplementaries:gold_door":2,"minecraft:oak_log":265,"minecraft:sand":312,"minecraft:dirt":496,"minecraft:potted_red_tulip":1,"minecraft:netherrack":42,"minecraft:oak_leaves":17,"minecraft:emerald_block":6,"minecraft:redstone_lamp":2,"minecraft:nether_gold_ore":22,"alexscaves:spelunkery_table":1,"minecraft:tuff":1393,"minecraft:quartz_stairs":9,"minecraft:deepslate_diamond_ore":18,"minecraft:decorated_pot":4,"minecraft:birch_slab":74,"minecraft:spruce_leaves":8,"minecraft:sandstone":21,"minecraft:large_fern":11,"minecraft:furnace":2,"minecraft:carrots":3,"minecraft:black_glazed_terracotta":2,"minecraft:nether_sprouts":2,"evilcraft:dark_ore":8,"minecraft:peony":3,"minecraft:gold_block":99,"minecraft:bookshelf":5,"minecraft:deepslate_iron_ore":332,"minecraft:shroomlight":2,"minecraft:lantern":8,"minecraft:stripped_oak_log":2,"alexscaves:curly_fern":16,"minecraft:stone":326,"minecraft:cherry_stairs":1,"minecraft:redstone_wall_torch":1,"minecraft:spruce_door":2,"minecraft:oak_fence":5,"minecraft:crafting_table":6,"minecraft:oak_wood":1,"alexscaves:tree_star":3,"minecraft:deepslate_coal_ore":1,"minecraft:polished_blackstone_brick_stairs":1,"supplementaries:urn":55,"minecraft:spruce_stairs":2,"minecraft:birch_planks":45,"minecraft:cactus":16,"minecraft:sweet_berry_bush":1,"minecraft:black_wall_banner":1,"minecraft:yellow_bed":4,"minecraft:coal_ore":406,"evilcraft:blood_stain":6,"minecraft:cherry_leaves":16,"minecraft:cracked_stone_bricks":1}},"DataVersion":3465}