{"stats":{"minecraft:broken":{"minecraft:wooden_axe":1},"minecraft:used":{"minecraft:wooden_axe":52,"minecraft:writable_book":1,"minecraft:apple":1,"minecraft:firework_rocket":30,"minecraft:stone_shovel":1,"minecraft:stone_pickaxe":25,"minecraft:wooden_pickaxe":16,"minecraft:birch_boat":1,"minecraft:stone_axe":77,"minecraft:dirt":17,"minecraft:crafting_table":3},"minecraft:crafted":{"minecraft:oak_planks":40,"minecraft:stone_shovel":1,"minecraft:crafting_table":2,"minecraft:stick":24,"minecraft:wooden_pickaxe":1,"minecraft:birch_boat":1,"minecraft:stone_pickaxe":1,"minecraft:wooden_axe":2,"minecraft:torch":16,"minecraft:birch_planks":16,"minecraft:stone_axe":1},"minecraft:picked_up":{"minecraft:birch_log":86,"minecraft:stick":14,"minecraft:crafting_table":2,"minecraft:oak_log":10,"minecraft:dirt":29,"minecraft:rotten_flesh":2,"minecraft:apple":1,"minecraft:peony":1,"minecraft:rose_bush":4,"minecraft:light_gray_wool":1,"minecraft:oak_sapling":3,"minecraft:quartz_stairs":4,"minecraft:birch_sapling":28,"minecraft:mutton":1,"minecraft:iron_bars":4,"minecraft:cobblestone":25},"minecraft:custom":{"minecraft:time_since_rest":43601,"minecraft:sprint_one_cm":23264,"minecraft:damage_taken":260,"minecraft:walk_one_cm":73232,"minecraft:mob_kills":2,"minecraft:drop":3,"minecraft:damage_dealt":384,"minecraft:fly_one_cm":68851,"minecraft:swim_one_cm":8252,"minecraft:interact_with_crafting_table":7,"minecraft:open_barrel":6,"minecraft:open_chest":1,"minecraft:crouch_one_cm":212,"minecraft:play_time":51923,"minecraft:deaths":1,"minecraft:sneak_time":305,"minecraft:walk_under_water_one_cm":7327,"minecraft:aviate_one_cm":303229,"minecraft:jump":388,"minecraft:walk_on_water_one_cm":3561,"minecraft:time_since_death":43526,"minecraft:total_world_time":51923,"minecraft:fall_one_cm":9524},"minecraft:mined":{"minecraft:quartz_stairs":4,"minecraft:birch_log":87,"minecraft:crafting_table":2,"minecraft:peony":3,"minecraft:coal_ore":4,"minecraft:grass_block":18,"minecraft:oak_log":10,"minecraft:iron_bars":4,"minecraft:dirt":11,"minecraft:stone":25},"minecraft:dropped":{"minecraft:mutton":1,"minecraft:wooden_axe":1,"minecraft:rotten_flesh":2},"minecraft:killed":{"minecraft:sheep":1,"minecraft:zombie":1}},"DataVersion":3465}