{"stats":{"minecraft:crafted":{"minecraft:cherry_planks":440,"minecraft:oak_planks":44,"minecraft:stone_shovel":2,"minecraft:birch_boat":1,"minecraft:furnace":1,"minecraft:stone_pickaxe":2,"minecraft:chest":6,"minecraft:crafting_table":5,"minecraft:wooden_pickaxe":1,"minecraft:birch_planks":207,"minecraft:stone_axe":3,"minecraft:stick":24,"minecraft:iron_pickaxe":1,"minecraft:iron_ingot":5,"minecraft:wooden_axe":2,"minecraft:torch":16},"minecraft:dropped":{"minecraft:torch":8,"minecraft:mutton":1,"minecraft:wooden_axe":1,"minecraft:writable_book":2,"minecraft:rotten_flesh":2,"alexscaves:archaic_vine":6},"minecraft:mined":{"minecraft:tuff":75,"minecraft:white_bed":5,"minecraft:quartz_stairs":9,"minecraft:mossy_cobblestone":3,"minecraft:deepslate_diamond_ore":2,"minecraft:cherry_log":183,"alexscaves:limestone":7,"minecraft:granite":1,"minecraft:dark_oak_fence":1,"minecraft:grass_block":125,"minecraft:jungle_log":2,"minecraft:sandstone":9,"alexscaves:archaic_vine_plant":1,"minecraft:packed_mud":1,"minecraft:iron_ore":14,"minecraft:barrel":3,"evilcraft:dark_ore":2,"minecraft:peony":3,"minecraft:rail":7,"minecraft:deepslate_iron_ore":5,"minecraft:vine":1,"amendments:wall_lantern":2,"minecraft:iron_bars":8,"minecraft:lantern":1,"minecraft:stone":100,"minecraft:white_wool":4,"minecraft:spruce_slab":2,"alexscaves:amber":12,"minecraft:cherry_planks":13,"minecraft:red_bed":5,"minecraft:crafting_table":3,"minecraft:torch":2,"minecraft:jungle_stairs":1,"minecraft:chest":1,"minecraft:tall_grass":2,"minecraft:copper_ore":13,"minecraft:cobblestone":4,"minecraft:deepslate_gold_ore":5,"minecraft:oak_planks":1,"minecraft:diorite":5,"minecraft:wall_torch":2,"minecraft:pink_petals":133,"minecraft:birch_planks":1,"minecraft:birch_log":87,"minecraft:birch_leaves":3,"minecraft:grass":49,"minecraft:coal_ore":117,"minecraft:oak_log":11,"evilcraft:blood_stain":1,"minecraft:gravel":2,"minecraft:dirt":26,"minecraft:cracked_stone_bricks":1,"minecraft:deepslate":46},"minecraft:picked_up":{"minecraft:crafting_table":3,"minecraft:shield":1,"minecraft:string":1,"minecraft:red_bed":2,"minecraft:cracked_stone_bricks":1,"minecraft:cobbled_deepslate":45,"minecraft:rose_bush":4,"minecraft:light_gray_wool":1,"minecraft:spruce_slab":2,"minecraft:chest":1,"minecraft:quartz_stairs":8,"minecraft:birch_sapling":28,"minecraft:stick":82,"minecraft:sandstone":4,"minecraft:torch":3,"minecraft:cherry_log":161,"minecraft:pointed_dripstone":2,"minecraft:diorite":5,"moonsweaponry:stone_greatsword":1,"minecraft:arrow":8,"minecraft:rotten_flesh":16,"minecraft:jungle_stairs":1,"minecraft:peony":1,"alexscaves:archaic_vine":6,"minecraft:mutton":1,"minecraft:iron_bars":6,"minecraft:rail":6,"minecraft:white_wool":6,"minecraft:cobblestone":98,"minecraft:birch_log":86,"minecraft:pink_petals":359,"minecraft:leather_chestplate":1,"minecraft:cherry_planks":13,"minecraft:jungle_log":2,"minecraft:birch_planks":9,"minecraft:packed_mud":1,"alexscaves:limestone":10,"evilcraft:flesh_humanoid":2,"minecraft:oak_log":11,"minecraft:yellow_bed":1,"minecraft:dirt":151,"minecraft:lantern":3,"alexscaves:amber":13,"minecraft:bone":7,"minecraft:apple":1,"minecraft:bow":1,"minecraft:wheat_seeds":6,"minecraft:stone_pickaxe":1,"minecraft:oak_planks":1,"minecraft:sweet_berries":36,"minecraft:red_wool":1,"minecraft:dripstone_block":3,"alexscaves:amber_curiosity":1,"minecraft:gravel":2,"minecraft:sand":24,"minecraft:white_bed":1,"minecraft:barrel":4,"minecraft:mossy_cobblestone":3,"minecraft:writable_book":1,"minecraft:granite":1,"minecraft:cherry_sapling":98,"alexsmobs:moose_ribs":1,"minecraft:oak_sapling":3,"minecraft:dark_oak_fence":1},"minecraft:broken":{"minecraft:stone_pickaxe":3,"minecraft:stone_axe":2,"minecraft:wooden_axe":1},"minecraft:killed":{"minecraft:spider":1,"alexsmobs:murmur":1,"minecraft:skeleton":7,"minecraft:drowned":1,"alexsmobs:skunk":1,"minecraft:sheep":1,"alexsmobs:gelada_monkey":1,"minecraft:zombie":16,"alexsmobs:moose":1},"minecraft:used":{"minecraft:writable_book":2,"minecraft:stone_shovel":114,"minecraft:spruce_slab":2,"minecraft:chest":7,"minecraft:shield":45,"minecraft:torch":6,"minecraft:dirt":49,"minecraft:spyglass":7,"alexsmobs:moose_ribs":1,"alexscaves:limestone":8,"minecraft:wooden_axe":52,"minecraft:lantern":1,"moonsweaponry:stone_greatsword":75,"minecraft:bow":7,"minecraft:sweet_berries":15,"minecraft:furnace":1,"minecraft:cobbled_deepslate":17,"minecraft:cherry_log":31,"minecraft:diorite":5,"minecraft:birch_planks":88,"minecraft:stone_pickaxe":398,"minecraft:leather_chestplate":1,"minecraft:birch_boat":1,"minecraft:wooden_pickaxe":16,"minecraft:cherry_planks":277,"minecraft:cracked_stone_bricks":1,"anthropology_items__structures:hunters_machete":58,"minecraft:crafting_table":8,"minecraft:red_bed":2,"minecraft:apple":1,"minecraft:firework_rocket":30,"minecraft:iron_pickaxe":56,"minecraft:gravel":2,"minecraft:stone_axe":358,"minecraft:cobblestone":68,"minecraft:yellow_bed":1},"minecraft:killed_by":{"minecraft:player":2,"minecraft:creeper":2,"alexsmobs:murmur_head":2,"alexsmobs:gelada_monkey":1,"minecraft:skeleton":1,"minecraft:zombie":2,"alexsmobs:moose":1},"minecraft:custom":{"minecraft:mob_kills":31,"minecraft:interact_with_crafting_table":20,"minecraft:open_barrel":10,"minecraft:leave_game":4,"minecraft:time_since_death":3846,"minecraft:climb_one_cm":15835,"minecraft:sprint_one_cm":126296,"minecraft:walk_one_cm":394084,"minecraft:damage_blocked_by_shield":1440,"minecraft:drop":8,"minecraft:play_time":147644,"minecraft:deaths":16,"minecraft:sneak_time":6476,"minecraft:walk_under_water_one_cm":27039,"minecraft:jump":1847,"minecraft:walk_on_water_one_cm":17257,"minecraft:total_world_time":147644,"minecraft:interact_with_furnace":3,"minecraft:sleep_in_bed":16,"minecraft:time_since_rest":3897,"minecraft:damage_taken":4377,"minecraft:damage_dealt":5942,"minecraft:swim_one_cm":22434,"minecraft:fly_one_cm":216769,"minecraft:player_kills":1,"minecraft:open_chest":31,"minecraft:crouch_one_cm":28554,"minecraft:aviate_one_cm":303229,"minecraft:fall_one_cm":61757}},"DataVersion":3465}