{"stats":{"minecraft:crafted":{"minecraft:oak_planks":836,"minecraft:cherry_slab":162,"minecraft:birch_boat":1,"minecraft:birch_slab":150,"minecraft:loom":1,"alexscaves:pewen_planks":40,"minecraft:glass":6,"minecraft:iron_boots":2,"alexscaves:serene_salad":3,"minecraft:chest":14,"alexscaves:primitive_club":1,"moonsweaponry:iron_hammer":2,"minecraft:golden_axe":2,"supplementaries:rope_arrow":4,"minecraft:crafting_table":9,"minecraft:wooden_pickaxe":1,"minecraft:iron_helmet":2,"minecraft:gold_block":15,"minecraft:birch_planks":443,"minecraft:iron_chestplate":2,"minecraft:stick":36,"minecraft:iron_pickaxe":10,"minecraft:iron_ingot":110,"minecraft:gold_ingot":288,"minecraft:shears":1,"minecraft:cherry_planks":524,"minecraft:stone_shovel":2,"moonsweaponry:golden_greatsword":1,"morevanillashields:emerald_shield":1,"minecraft:furnace":1,"minecraft:glass_pane":16,"minecraft:iron_axe":2,"minecraft:stone_pickaxe":2,"minecraft:cooked_beef":12,"alexscaves:cooked_dinosaur_chop":4,"supplementaries:timber_cross_brace":1,"minecraft:stone_axe":3,"minecraft:wooden_axe":3,"minecraft:iron_shovel":1,"minecraft:cherry_door":3,"minecraft:iron_leggings":3,"minecraft:torch":16},"minecraft:used":{"minecraft:writable_book":2,"minecraft:iron_shovel":140,"minecraft:spruce_slab":3,"minecraft:chest":17,"minecraft:shield":244,"moonsweaponry:iron_hammer":315,"minecraft:rotten_flesh":1,"minecraft:tuff":18,"moonsweaponry:golden_greatsword":145,"minecraft:lantern":3,"alexscaves:amber":1,"supplementaries:bomb_blue":1,"minecraft:bow":38,"minecraft:sweet_berries":44,"minecraft:furnace":1,"minecraft:diorite":5,"minecraft:stone_pickaxe":527,"minecraft:oak_planks":692,"minecraft:wooden_pickaxe":16,"minecraft:leather_chestplate":1,"minecraft:white_wool":1,"minecraft:loom":1,"minecraft:shears":8,"minecraft:redstone_torch":1,"minecraft:firework_rocket":91,"minecraft:birch_slab":49,"minecraft:gravel":2,"minecraft:diamond_sword":51,"supplementaries:timber_cross_brace":1,"minecraft:golden_pickaxe":39,"minecraft:stone_shovel":146,"minecraft:torch":89,"minecraft:dirt":178,"minecraft:spyglass":7,"alexsmobs:moose_ribs":1,"alexscaves:limestone":29,"alexscaves:limestone_spear":11,"minecraft:wooden_axe":110,"minecraft:iron_axe":489,"minecraft:cherry_slab":132,"minecraft:jungle_log":36,"evilcraft:box_of_eternal_closure":2,"evilcraft:flesh_humanoid":7,"moonsweaponry:stone_greatsword":118,"minecraft:cooked_beef":6,"minecraft:cobbled_deepslate":415,"minecraft:cherry_log":55,"minecraft:golden_axe":66,"minecraft:water_bucket":9,"alexscaves:dinosaur_chop":1,"minecraft:birch_planks":367,"minecraft:birch_boat":1,"minecraft:cherry_planks":286,"morevanillashields:emerald_shield":87,"minecraft:cracked_stone_bricks":1,"alexscaves:primitive_club":41,"anthropology_items__structures:hunters_machete":78,"minecraft:crafting_table":11,"minecraft:red_bed":2,"minecraft:smoker":1,"alexscaves:pewen_planks":14,"minecraft:apple":1,"minecraft:cherry_door":2,"minecraft:iron_pickaxe":2031,"minecraft:stone_axe":424,"minecraft:cobblestone":141,"travelersbackpack:standard":1,"minecraft:bucket":10,"minecraft:glass_pane":12,"minecraft:yellow_bed":2},"minecraft:custom":{"minecraft:interact_with_crafting_table":64,"minecraft:open_barrel":11,"minecraft:leave_game":25,"minecraft:time_since_death":35784,"minecraft:sprint_one_cm":533853,"minecraft:damage_blocked_by_shield":6890,"minecraft:drop":51,"minecraft:play_time":664845,"minecraft:deaths":71,"minecraft:jump":7399,"minecraft:walk_on_water_one_cm":99708,"minecraft:enchant_item":4,"minecraft:interact_with_furnace":44,"minecraft:sleep_in_bed":24,"minecraft:damage_dealt":32214,"minecraft:player_kills":8,"minecraft:crouch_one_cm":152240,"minecraft:interact_with_smoker":5,"minecraft:interact_with_smithing_table":7,"minecraft:mob_kills":130,"minecraft:climb_one_cm":23862,"minecraft:walk_one_cm":1469746,"minecraft:sneak_time":33503,"minecraft:walk_under_water_one_cm":51468,"minecraft:total_world_time":664845,"minecraft:time_since_rest":35811,"minecraft:damage_taken":22233,"minecraft:swim_one_cm":27313,"minecraft:fly_one_cm":1032011,"minecraft:open_chest":209,"minecraft:aviate_one_cm":1215878,"minecraft:fall_one_cm":304044},"minecraft:dropped":{"minecraft:diamond":1,"minecraft:sandstone_stairs":2,"minecraft:leather":1,"minecraft:gold_block":33,"minecraft:dirt":2,"minecraft:mutton":1,"alexscaves:dinosaur_nugget":7,"minecraft:writable_book":2,"minecraft:iron_pickaxe":2,"minecraft:rotten_flesh":3,"travelersbackpack:bat":1,"evilcraft:flesh_humanoid":2,"travelersbackpack:gold_tier_upgrade":1,"supplementaries:flax_seeds":2,"minecraft:chest":4,"minecraft:iron_bars":2,"minecraft:egg":1,"minecraft:firework_rocket":1,"minecraft:iron_ingot":9,"moonsweaponry:golden_greatsword":1,"minecraft:stick":32,"minecraft:torch":8,"minecraft:wooden_axe":1,"minecraft:map":4,"minecraft:paper":3,"minecraft:sweet_berries":5,"alexscaves:archaic_vine":6,"alexscaves:heavy_bone":1,"minecraft:sandstone":7,"minecraft:bow":1,"minecraft:stone_pickaxe":1},"minecraft:killed_by":{"doppelgangermod:dp_creeper":1,"minecraft:creeper":4,"alexsmobs:murmur_head":2,"minecraft:zombie":6,"alexscaves:tremorsaurus":3,"minecraft:player":8,"alexscaves:vallumraptor":8,"alexsmobs:gelada_monkey":1,"minecraft:skeleton":4,"alexsmobs:moose":1,"alexscaves:relicheirus":4},"minecraft:picked_up":{"alexscaves:thin_bone":1,"minecraft:birch_door":1,"minecraft:wheat":1,"travelersbackpack:bat":1,"alexscaves:trilocaris_tail":7,"minecraft:enchanted_book":1,"minecraft:polished_blackstone_brick_stairs":5,"minecraft:string":37,"minecraft:raw_copper":9,"minecraft:cobbled_deepslate":659,"bosses_of_mass_destruction:soul_star":1,"minecraft:redstone_torch":3,"minecraft:rose_bush":4,"minecraft:iron_pickaxe":1,"alexscaves:flytrap":1,"minecraft:stick":310,"minecraft:oak_fence":4,"minecraft:torch":55,"alexscaves:heavy_bone":9,"minecraft:cherry_log":401,"minecraft:pointed_dripstone":2,"minecraft:diorite":5,"evilcraft:box_of_eternal_closure":3,"minecraft:rotten_flesh":90,"evilcraft:condensed_blood":57,"supplementaries:ash":13,"alexscaves:archaic_vine":10,"minecraft:iron_bars":8,"minecraft:snowball":7,"minecraft:cobblestone":300,"minecraft:birch_log":145,"minecraft:pink_petals":657,"minecraft:leather_chestplate":1,"minecraft:feather":4,"minecraft:cherry_planks":29,"minecraft:repeater":1,"minecraft:andesite":2,"minecraft:cherry_leaves":7,"minecraft:birch_slab":41,"minecraft:jungle_log":69,"minecraft:smoker":1,"minecraft:tuff":73,"supplementaries:flax_seeds":4,"evilcraft:flesh_humanoid":12,"minecraft:lapis_lazuli":68,"travelersbackpack:gold_tier_upgrade":1,"minecraft:cherry_door":1,"minecraft:dirt":501,"minecraft:lantern":4,"minecraft:bone":41,"minecraft:bow":3,"minecraft:wheat_seeds":17,"minecraft:raw_gold":2,"minecraft:moss_block":11,"minecraft:oak_planks":26,"minecraft:chiseled_polished_blackstone":17,"minecraft:music_disc_13":1,"alexscaves:amber_curiosity":2,"minecraft:sand":84,"minecraft:barrel":4,"minecraft:mossy_cobblestone":6,"minecraft:white_candle":4,"minecraft:writable_book":1,"minecraft:cracked_polished_blackstone_bricks":6,"minecraft:granite":1,"minecraft:bread":10,"alexsmobs:moose_ribs":1,"minecraft:golden_horse_armor":1,"minecraft:emerald":3,"minecraft:oak_sapling":78,"minecraft:cherry_slab":46,"minecraft:dark_oak_fence":1,"minecraft:crafting_table":4,"minecraft:chicken":1,"minecraft:gold_block":118,"minecraft:shield":3,"alexscaves:dinosaur_nugget":7,"minecraft:red_bed":2,"alexscaves:dinosaur_chop":5,"minecraft:cracked_stone_bricks":1,"minecraft:beef":4,"minecraft:spruce_slab":7,"minecraft:light_gray_wool":1,"minecraft:chest":7,"minecraft:quartz_stairs":8,"supplementaries:rope":11,"minecraft:birch_sapling":28,"minecraft:egg":2,"minecraft:raw_iron":2,"minecraft:sandstone":20,"alexscaves:cycad":8,"evilcraft:origins_of_darkness":1,"minecraft:polished_blackstone_bricks":29,"minecraft:redstone":50,"alexsmobs:crocodile_scute":1,"minecraft:iron_horse_armor":1,"moonsweaponry:stone_greatsword":1,"minecraft:tnt":385,"minecraft:arrow":27,"moonsweaponry:golden_greatsword":1,"minecraft:beetroot_seeds":3,"minecraft:peony":1,"minecraft:jungle_stairs":1,"minecraft:sandstone_stairs":4,"minecraft:polished_blackstone":3,"minecraft:glow_berries":10,"minecraft:mutton":2,"minecraft:white_wool":7,"minecraft:rail":12,"alexscaves:pewen_log":10,"minecraft:leather":5,"minecraft:fern":4,"minecraft:birch_planks":20,"minecraft:packed_mud":11,"alexscaves:limestone":110,"minecraft:oak_log":213,"minecraft:yellow_bed":2,"minecraft:gunpowder":1,"alexscaves:ambersol":1,"alexscaves:amber":77,"minecraft:apple":13,"minecraft:iron_ingot":10,"minecraft:stone_pickaxe":3,"alexscaves:curly_fern":16,"minecraft:emerald_block":7,"minecraft:sweet_berries":39,"minecraft:red_wool":1,"minecraft:dripstone_block":3,"minecraft:raw_iron_block":2,"minecraft:gravel":3,"alexscaves:tree_star":19,"minecraft:white_bed":1,"minecraft:spider_eye":1,"travelersbackpack:standard":1,"minecraft:firework_rocket":1,"minecraft:pumpkin_seeds":4,"alexscaves:pine_nuts":3,"minecraft:cherry_sapling":323,"alexscaves:ancient_sapling":10},"minecraft:killed":{"doppelgangermod:dp_creeper":2,"minecraft:spider":5,"alexsmobs:murmur":1,"minecraft:skeleton":19,"minecraft:chicken":1,"minecraft:sheep":2,"minecraft:zombie":42,"alexscaves:trilocaris":15,"minecraft:stray":2,"alexsmobs:fly":1,"doppelgangermod:dp_cow":1,"minecraft:cow":3,"alexscaves:vallumraptor":13,"alexscaves:tremorsaurus":2,"minecraft:drowned":1,"alexscaves:relicheirus":2,"alexsmobs:skunk":1,"minecraft:frog":1,"alexsmobs:gelada_monkey":1,"alexsmobs:crocodile":1,"alexscaves:subterranodon":1,"alexsmobs:moose":1,"alexscaves:grottoceratops":3,"minecraft:enderman":1},"minecraft:broken":{"minecraft:iron_boots":1,"minecraft:iron_chestplate":1,"minecraft:iron_leggings":1,"minecraft:stone_pickaxe":3,"moonsweaponry:iron_hammer":1,"minecraft:stone_axe":3,"minecraft:wooden_axe":2,"minecraft:stone_shovel":1,"minecraft:leather_chestplate":1,"minecraft:shield":1,"minecraft:golden_axe":2,"moonsweaponry:stone_greatsword":1,"minecraft:iron_axe":1,"minecraft:iron_pickaxe":6,"minecraft:iron_helmet":1,"minecraft:golden_pickaxe":1},"minecraft:mined":{"minecraft:white_bed":6,"minecraft:cherry_log":443,"alexscaves:limestone":108,"minecraft:granite":3,"minecraft:chiseled_polished_blackstone":16,"minecraft:grass_block":294,"alexscaves:pewen_branch":1,"minecraft:jungle_log":78,"minecraft:cracked_polished_blackstone_bricks":3,"minecraft:sandstone_stairs":2,"minecraft:spawner":1,"minecraft:polished_blackstone_bricks":10,"minecraft:raw_iron_block":3,"minecraft:iron_ore":61,"minecraft:cobbled_deepslate":31,"minecraft:barrel":3,"minecraft:deepslate_lapis_ore":9,"amendments:wall_lantern":3,"minecraft:iron_bars":11,"alexscaves:ambersol":1,"minecraft:spruce_slab":3,"minecraft:deepslate_redstone_ore":17,"alexscaves:amber":64,"minecraft:red_bed":5,"minecraft:smoker":1,"supplementaries:timber_cross_brace":1,"alexscaves:dinosaur_chop":1,"minecraft:torch":6,"minecraft:jungle_stairs":1,"alexscaves:ancient_leaves":2,"minecraft:chest":1,"minecraft:cobblestone":115,"minecraft:white_candle":1,"minecraft:oak_planks":31,"minecraft:wall_torch":4,"minecraft:cherry_slab":5,"minecraft:deepslate_copper_ore":12,"minecraft:pink_petals":146,"minecraft:repeater":1,"evilcraft:dark_ore_deepslate":5,"minecraft:birch_log":87,"minecraft:birch_door":1,"minecraft:tnt":396,"minecraft:grass":86,"minecraft:oak_log":226,"minecraft:sand":36,"minecraft:dirt":74,"minecraft:oak_leaves":13,"minecraft:deepslate":531,"minecraft:emerald_block":6,"minecraft:tuff":569,"minecraft:quartz_stairs":9,"minecraft:mossy_cobblestone":3,"minecraft:deepslate_diamond_ore":6,"minecraft:dark_oak_fence":1,"alexscaves:pewen_log":10,"minecraft:redstone_wire":10,"minecraft:birch_slab":2,"minecraft:moss_block":11,"minecraft:sandstone":18,"minecraft:large_fern":10,"supplementaries:rope":3,"alexscaves:archaic_vine_plant":2,"minecraft:packed_mud":10,"evilcraft:box_of_eternal_closure":2,"minecraft:andesite":2,"evilcraft:dark_ore":2,"minecraft:peony":3,"minecraft:gold_block":99,"minecraft:deepslate_iron_ore":71,"minecraft:cobblestone_slab":1,"minecraft:vine":2,"minecraft:rail":7,"minecraft:lantern":1,"alexscaves:curly_fern":16,"minecraft:stone":204,"minecraft:white_wool":4,"minecraft:redstone_wall_torch":1,"minecraft:cherry_planks":13,"minecraft:crafting_table":4,"alexscaves:flytrap":1,"alexscaves:tree_star":3,"minecraft:tall_grass":5,"minecraft:copper_ore":28,"minecraft:deepslate_gold_ore":21,"minecraft:polished_blackstone_brick_stairs":1,"alexscaves:archaic_vine":3,"minecraft:diorite":5,"supplementaries:urn":7,"minecraft:spruce_stairs":1,"minecraft:birch_planks":10,"minecraft:sweet_berry_bush":1,"minecraft:birch_leaves":3,"minecraft:yellow_bed":1,"minecraft:coal_ore":264,"evilcraft:blood_stain":2,"alexscaves:cycad":4,"minecraft:cherry_leaves":16,"minecraft:gravel":3,"minecraft:cobweb":12,"minecraft:cracked_stone_bricks":1,"minecraft:polished_blackstone":2,"minecraft:fern":9}},"DataVersion":3465}